"","trial","N.pop","skew","lb.tdist","ub.tdist","cover.tdist","width.tdist","lb.bca.exp","ub.bca.exp","cover.bca.exp","width.bca.exp","median.posterior.mu","lb.bayes.sdprior20","ub.bayes.sdprior20","width.bayes.sdprior20","cover.bayes.sdprior20","median.posterior.sig","median.posterior.gam"
"1",1,10,-0.9,66.2298329391268,77.8573073331736,1,11.6274743940468,65.1441713667141,77.2725682349174,1,12.1283968682033,69.8457622439907,63.5756144298032,76.7180036213522,13.142389191549,1,10.9939870213472,0.542226838647144
"2",2,10,-0.9,56.1344371961038,74.5542885357711,1,18.4198513396674,55.4290030146839,73.317670913333,1,17.8886678986491,71.8595695991091,61.7414284624122,82.2327262047194,20.4912977423072,1,18.2495935925059,0.398312879258659
"3",3,10,-0.9,54.6521628254368,78.0094791752585,1,23.3573163498217,49.0720807214267,74.3135153344451,1,25.2414346130184,69.6799821239852,63.7628306777536,75.9923632459972,12.2295325682436,1,11.219380792782,0.538867849832915
"4",4,10,-0.9,53.5646264100859,73.8874761266621,1,20.3228497165762,50.9481679834205,71.8006994271149,1,20.8525314436943,70.0077594715137,63.0194814125786,78.5660555414511,15.5465741288725,1,12.1856978318157,0.471852922447101
"5",5,10,-0.9,63.5182250561868,79.4521446011055,1,15.9339195449186,61.4083867706595,77.9888991754859,1,16.5805124048264,70.4604919884188,62.5602188361305,77.8956029226205,15.33538408649,1,12.9100529975069,0.503564827079428
"6",6,10,-0.9,49.097339444926,69.8487415621995,1,20.7514021172735,49.3823054218553,70.6656867169461,1,21.2833812950908,70.5885335805763,63.4903558801216,80.1534663410336,16.663110460912,1,11.7082747420648,0.519745394407334
"7",7,10,-0.9,55.9583264571227,76.3571112169856,1,20.3987847598629,53.872634065917,75.0478765742341,1,21.1752425083171,70.7734797589015,61.2555257838377,80.2695527005565,19.0140269167188,1,12.6715520166322,0.600332560032337
"8",8,10,-0.9,62.7963817157638,77.2998389736716,1,14.5034572579078,62.3596336400156,76.1630711301825,1,13.8034374901669,70.0249794836799,62.8848570536346,77.7557756261371,14.8709185725024,1,11.4257579348687,0.462213565476729
"9",9,10,-0.9,62.1903714881961,79.0571053521464,1,16.8667338639503,62.2000187399544,79.3678467187358,1,17.1678279787814,70.1240860723051,63.3607280554845,77.8282478747141,14.4675198192296,1,13.779747521557,0.570751006513422
"10",10,10,-0.9,54.9804152538949,71.4823703400039,1,16.5019550861089,51.4635144830757,69.1328933200658,1,17.6693788369901,70.1523087286056,63.3887625811676,77.8901644929295,14.5014019117619,1,11.9953232679396,0.544624493124619
"11",11,10,-0.9,59.9268260764098,79.6040937196093,1,19.6772676431995,56.0808530959784,77.8451134497358,1,21.7642603537574,69.7485078280387,63.240445498488,76.644262766817,13.403817268329,1,10.7204312970814,0.512896782850704
"12",12,10,-0.9,57.5514944624642,80.7462894090979,1,23.1947949466337,53.4710043771364,78.539436889602,1,25.0684325124656,70.3526931416586,63.9481824505576,78.1379253985256,14.189742947968,1,12.7548346317819,0.508394752899436
"13",13,10,-0.9,62.8679021183796,79.5495066771344,1,16.6816045587548,59.642263984207,77.8276285151607,1,18.1853645309536,70.3746905348779,63.6093970503864,77.7478179960615,14.1384209456751,1,13.0028939557574,0.596155074711077
"14",14,10,-0.9,69.6898070609765,80.3468536449083,0,10.6570465839318,69.0496209675741,79.5384702253855,0,10.4888492578114,71.0782067952313,63.1587900422166,81.0324196307022,17.8736295884856,1,14.911974702583,0.530729906609332
"15",15,10,-0.9,68.5191235984599,80.9230866480612,0,12.4039630496013,68.7659201897837,80.1855184668467,0,11.419598277063,70.0705773422091,63.8637209860981,76.8892151208118,13.0254941347137,1,11.6631967966501,0.475905208377812
"16",16,10,-0.9,53.2012780355357,75.820192503179,1,22.6189144676433,52.8236111553644,74.6864074282565,1,21.8627962728921,70.3435153987746,62.7922217437013,79.374413244027,16.5821915003257,1,13.7476312781877,0.48284882094273
"17",17,10,-0.9,49.8378016429461,73.6839069811321,1,23.846105338186,50.1692228254224,73.0813694937913,1,22.9121466683689,70.74635171179,62.6122705208197,85.7298007060977,23.117530185278,1,13.3509316744668,0.42025178648447
"18",18,10,-0.9,60.6517171072533,74.3705964566159,1,13.7188793493626,60.8185719249987,73.971063151844,1,13.1524912268453,71.105532446089,63.7235629843579,78.1455314586189,14.421968474261,1,13.1307260636433,0.56696900922209
"19",19,10,-0.9,61.3615864308411,79.6024373710543,1,18.2408509402131,58.6640213471166,77.787045178941,1,19.1230238318244,70.0743214761938,62.9769868344353,78.7736883971055,15.7967015626702,1,12.1516982333593,0.511334364935307
"20",20,10,-0.9,51.5749657169047,77.0845568391559,1,25.5095911222512,47.878745105476,74.1962369318919,1,26.3174918264159,69.8022396942206,63.0020726949042,77.1805979113044,14.1785252164002,1,11.2008588700002,0.354866968861678
"21",21,10,-0.9,57.110390367574,73.9990060426289,1,16.8886156750549,53.1888922875706,71.7166599073506,1,18.52776761978,71.1545089536444,63.222564192413,80.7315769492636,17.5090127568506,1,14.6832931712885,0.659238797129789
"22",22,10,-0.9,55.3825636335327,75.3065192316021,1,19.9239555980695,54.1168462931778,73.5943426663865,1,19.4774963732088,70.4714739778341,63.4539035386233,77.394170983996,13.9402674453727,1,12.4748836642106,0.518038939971683
"23",23,10,-0.9,58.0937137065794,78.9497932951998,1,20.8560795886204,52.1380918419796,76.3167445922358,1,24.1786527502562,70.4949510161728,62.4713577959137,77.9275956600308,15.4562378641171,1,12.2656350075188,0.557453302524356
"24",24,10,-0.9,61.8159185150291,77.4350683824464,1,15.6191498674173,57.7827738064626,75.0324969681185,1,17.2497231616559,70.4699094831522,64.2795601218284,77.558048399618,13.2784882777897,1,11.5524466310319,0.553606917511698
"25",25,10,-0.9,59.4418497604332,81.7741068052497,1,22.3322570448165,55.3893230875663,78.5831188501084,1,23.1937957625421,69.9581308315799,64.0670223742069,76.615782426166,12.5487600519591,1,12.3247448319015,0.607829788804297
"26",26,10,-0.9,50.4490321669776,78.513148369539,1,28.0641162025614,46.4066509266526,74.4936704489691,1,28.0870195223165,70.938730232064,61.9393232096683,82.9628265462115,21.0235033365432,1,17.0005313422318,0.515214125630953
"27",27,10,-0.9,46.9931506734311,71.5996035820598,1,24.6064529086287,44.3882714726618,69.4880115730956,1,25.0997401004337,72.0985851577002,64.207686078814,80.8441922108513,16.6365061320373,1,13.8071271970223,0.4422065546285
"28",28,10,-0.9,53.059664955891,75.2417244297073,1,22.1820594738163,51.7555899176002,73.9959738171332,1,22.240383899533,71.3284972017933,63.2502576800055,79.5105296018104,16.2602719218049,1,13.9327893208685,0.548440821772069
"29",29,10,-0.9,55.5338069452098,71.4764787982289,1,15.9426718530191,55.4475155820284,70.4478197527052,1,15.0003041706768,70.0033503150556,63.5520337044432,78.8550964934092,15.303062788966,1,11.7930637781019,0.598422832467322
"30",30,10,-0.9,59.2109892661918,74.9119419357281,1,15.7009526695363,59.3249050694314,74.5582073774068,1,15.2333023079754,70.7609573071152,62.8898331117155,81.9190829142851,19.0292498025696,1,14.2210556353003,0.575586735342604
"31",31,10,-0.9,63.6840258280317,77.997793298239,1,14.3137674702073,61.1563017727514,75.5240371291723,1,14.3677353564209,72.3625372469679,63.3917431642993,81.744517504556,18.3527743402567,1,16.8988811709256,0.546315992180429
"32",32,10,-0.9,57.4758339628879,75.0812638743687,1,17.6054299114809,57.0468419779592,74.4053499850594,1,17.3585080071002,70.0417412407312,63.7115927545646,78.0033641249926,14.2917713704281,1,11.3584958929032,0.578418671315116
"33",33,10,-0.9,64.9816651392619,79.9516598652396,1,14.9699947259777,64.8913044514531,79.3934311457272,1,14.5021266942742,70.5893424627263,63.4273498108244,80.3730228988029,16.9456730879785,1,13.341028933637,0.461486395137379
"34",34,10,-0.9,61.5709057727147,78.8288550453111,1,17.2579492725964,60.1298598877784,77.4459889863964,1,17.3161290986181,70.373039588742,63.6178701305759,77.6433896092375,14.0255194786617,1,11.6488101384256,0.506895673702152
"35",35,10,-0.9,60.9025337419043,78.2824285489334,1,17.3798948070291,60.1463018821624,77.2942446251394,1,17.147942742977,69.8592147159011,63.3009265207834,77.3642020294103,14.0632755086269,1,11.3023982229489,0.611655487775889
"36",36,10,-0.9,58.3474352922244,73.4274523781005,1,15.0800170858762,59.2677185337692,74.085879750436,1,14.8181612166668,71.4815304119397,63.9210227142501,80.1921066365445,16.2710839222944,1,13.0030168809381,0.482696357283486
"37",37,10,-0.9,61.7653215821208,73.4875664302518,1,11.7222448481311,62.425170940231,74.0607422848548,1,11.6355713446238,70.9651269042658,62.4499669683446,78.3776465713015,15.9276796029569,1,13.4231606851152,0.346843688324477
"38",38,10,-0.9,57.4315063296814,74.9644216394163,1,17.5329153097349,55.833141279938,74.3653546399773,1,18.5322133600393,69.5633547051844,63.5883343956033,76.4554870107804,12.867152615177,1,11.0761837061969,0.576662771130672
"39",39,10,-0.9,61.5365356834265,77.2823545746497,1,15.7458188912232,58.9976239385648,75.8237432749041,1,16.8261193363393,70.9849483155379,64.5490897913124,80.4865304054912,15.9374406141788,1,13.2489164412079,0.601052222265322
"40",40,10,-0.9,66.904948401717,80.0298043265107,1,13.1248559247937,66.2473801496449,79.9258295678838,1,13.6784494182389,69.6561124459779,62.4128974677755,75.9564318839272,13.5435344161517,1,10.7585288424097,0.50705390541159
"41",41,10,-0.9,61.7203936004847,74.7543553832015,1,13.0339617827168,59.352339798334,73.3709585824083,1,14.0186187840743,69.6070327810152,63.2560306520719,77.3919154215051,14.1358847694332,1,11.1925971075478,0.46660488371672
"42",42,10,-0.9,54.5192182227271,76.7373081649907,1,22.2180899422636,51.9618770077615,73.4507172398211,1,21.4888402320596,69.0408581189688,62.8958941620601,79.2282584092085,16.3323642471484,1,10.6803451716725,0.580280116669118
"43",43,10,-0.9,56.0431394459334,72.4572068926663,1,16.4140674467329,56.193557694673,72.6361762082088,1,16.4426185135358,70.9261349870674,61.9407193655506,81.228118703838,19.2873993382874,1,13.7164206571878,0.411434741414114
"44",44,10,-0.9,53.9192216740558,79.1464781519632,1,25.2272564779074,51.1577060778479,76.3394067482126,1,25.1817006703647,70.3853536045008,61.8934369132318,78.7815952587564,16.8881583455247,1,13.0445779866594,0.32729095266696
"45",45,10,-0.9,56.5518393681049,76.4347759395011,1,19.8829365713962,53.9782270917746,74.0997631083314,1,20.1215360165568,70.539182579605,61.4789561158245,79.310482597836,17.8315264820115,1,13.8398114380944,0.460887216492643
"46",46,10,-0.9,58.452072899983,77.5477706849889,1,19.0956977850059,54.909113855686,75.2517229852906,1,20.3426091296046,71.7555109521762,64.269548720502,79.2318246861605,14.9622759656585,1,14.640674292203,0.615145611938571
"47",47,10,-0.9,57.795426858345,76.2976381240367,1,18.5022112656917,50.8305847568859,73.5875556050453,1,22.7569708481594,69.5081128268634,61.9607685115905,76.6295481216789,14.6687796100883,1,12.0284980392297,0.478450817584398
"48",48,10,-0.9,58.0034874191297,77.575458945588,1,19.5719715264583,57.6419684538145,76.0962873557389,1,18.4543189019244,70.8715055931142,64.262554535934,79.2780262425315,15.0154717065975,1,12.9209258020471,0.525638680492848
"49",49,10,-0.9,63.9477759899661,79.8560255187364,1,15.9082495287703,61.78414238358,78.3031056753924,1,16.5189632918124,70.0159527208583,61.5188833626712,80.8364649585572,19.317581595886,1,13.467531858208,0.424329977478902
"50",50,10,-0.9,67.3699452498053,81.1695361638727,1,13.7995909140674,67.0451603662943,80.609105421685,1,13.5639450553908,71.0303681946752,63.7554737788839,79.5607389770023,15.8052651981184,1,13.1833320750019,0.645590825170746
"51",51,10,-0.9,55.1910627899143,72.9954785867009,1,17.8044157967865,53.6388639678293,71.4298724657957,1,17.7910084979663,69.8442380301356,63.1461401219278,77.3296238034248,14.183483681497,1,10.5402381744777,0.550971933757261
"52",52,10,-0.9,61.8150933213991,76.7028676823702,1,14.8877743609711,59.1201783853366,75.2584917643409,1,16.1383133790043,70.5381280755902,63.0829617428575,81.9419659994486,18.8590042565911,1,13.8215963129728,0.417221716531895
"53",53,10,-0.9,66.7273075318799,76.1275358601767,1,9.40022832829681,66.5493181535205,75.6711154322869,1,9.12179727876644,70.2554440485528,63.9839288046549,77.9575024368418,13.9735736321869,1,11.1221767477563,0.522720430443912
"54",54,10,-0.9,50.7549034627173,76.7069686107156,1,25.9520651479983,46.8840335195856,73.5611277821881,1,26.6770942626025,72.084635452049,63.594418500658,79.1456615393058,15.5512430386478,1,15.4892327762721,0.571681770407576
"55",55,10,-0.9,67.3798491789423,80.0075913424902,1,12.6277421635479,66.6257594395836,79.8861042505401,1,13.2603448109565,70.3689611288176,64.508017932978,77.8966769426341,13.3886590096561,1,11.7411889500107,0.495517103909568
"56",56,10,-0.9,62.1553651072344,81.6294470423739,1,19.4740819351395,60.1751573448466,79.318637839825,1,19.1434804949784,69.9922422621952,63.4771754175086,77.1668433856985,13.6896679681899,1,11.9763454398919,0.625633060110398
"57",57,10,-0.9,58.4438560978791,70.0103176508951,1,11.5664615530159,59.1475990117881,70.1147042212981,1,10.96710520951,73.7668828429969,63.4484468107445,84.1041118088464,20.6556649981019,1,18.6133917910406,0.616509264588504
"58",58,10,-0.9,55.3108247052237,75.533043009534,1,20.2222183043104,52.5676253730425,73.2712218847551,1,20.7035965117126,70.9665170434592,62.8678623001606,77.7500977278442,14.8822354276836,1,14.0194215800093,0.458381402955608
"59",59,10,-0.9,65.0471400414288,81.8411198967742,1,16.7939798553454,63.2085286379992,80.226239334878,1,17.0177106968788,70.295134842982,63.3633820152926,78.2058402631485,14.8424582478559,1,12.7820887663899,0.522283575620832
"60",60,10,-0.9,69.2494196520342,78.0377209050691,0,8.78830125303494,68.3584253793148,77.3934998615423,0,9.03507448222756,70.1035538805472,63.5102517445409,78.3956038205078,14.8853520759669,1,12.5541241929938,0.500821897991945
"61",61,10,-0.9,59.1482953298183,77.689304302541,1,18.5410089727228,58.692419124201,75.9363457007268,1,17.2439265765258,69.7863380170378,62.8796410918377,78.2724193356321,15.3927782437944,1,11.4910613654141,0.602324189485262
"62",62,10,-0.9,63.9313751653616,80.948068758843,1,17.0166935934814,61.8520389979272,78.5643586430698,1,16.7123196451426,69.0293512777862,63.393437850204,74.9216976478296,11.5282597976256,1,9.76293677167068,0.639745801689769
"63",63,10,-0.9,60.9634922294892,78.9154926299564,1,17.9520004004671,57.9465945164721,75.9680533619237,1,18.0214588454516,70.0348942062456,62.454661669586,85.3689196355834,22.9142579659974,1,12.1112357595463,0.490623365145981
"64",64,10,-0.9,60.2457005002067,81.2942376621614,1,21.0485371619547,56.541953251051,77.778521707378,1,21.236568456327,71.026779283889,63.6311149738192,79.0985564935082,15.467441519689,1,12.6939544967797,0.595996181111421
"65",65,10,-0.9,59.7874881496861,73.4364187492049,1,13.6489305995188,59.4551847839519,73.0186178765412,1,13.5634330925894,69.9509417332625,62.4495980810901,77.144503019273,14.6949049381829,1,11.1467293248444,0.404419020453764
"66",66,10,-0.9,58.2947845725478,78.2786380183377,1,19.9838534457899,56.7188614512242,76.4015678714431,1,19.6827064202189,70.5788557806685,63.6782603583953,78.7261211637909,15.0478608053956,1,12.6972982636973,0.458937927927448
"67",67,10,-0.9,58.6073412593086,76.0257999987059,1,17.4184587393973,56.2625980406642,73.8971069239696,1,17.6345088833054,70.0340194767178,57.5408735497211,79.6673785729054,22.1265050231843,1,15.4196922808362,0.031013597628712
"68",68,10,-0.9,61.1329938925912,74.425555655961,1,13.2925617633698,61.4061931145435,74.7168739223479,1,13.3106808078043,71.0532968887873,63.2121415943782,77.8078683029026,14.5957267085245,1,13.4305228588701,0.535372758264866
"69",69,10,-0.9,57.0714685847583,81.90413476948,1,24.8326661847217,50.6357653560437,78.7799793197642,1,28.1442139637205,69.8037010816731,62.9839996264204,77.9146576369362,14.9306580105159,1,12.2360264426042,0.486108605267082
"70",70,10,-0.9,61.9756768028464,78.3164987373625,1,16.3408219345161,61.2637299259217,78.2142288388054,1,16.9504989128836,70.6110586559157,63.7978772104215,77.9335868502598,14.1357096398383,1,12.624905882847,0.32368680050976
"71",71,10,-0.9,61.9709168178677,79.2205889290315,1,17.2496721111638,62.1529741018503,78.529931379732,1,16.3769572778817,71.4010066320696,61.9610140057839,82.2347244822826,20.2737104764986,1,16.9699327240831,0.298712768705568
"72",72,10,-0.9,54.3732474144314,76.8686619757729,1,22.4954145613415,53.3548443464015,76.5258128060221,1,23.1709684596207,69.7871830743673,63.1385779608686,78.0532703607964,14.9146923999279,1,11.5363386988003,0.529947695070508
"73",73,10,-0.9,64.0300015556133,77.601947261889,1,13.5719457062757,63.010524578525,77.4204634842301,1,14.4099389057051,71.0101135259824,59.5395228652048,81.2534340306456,21.7139111654408,1,14.1148544568197,0.626738825154135
"74",74,10,-0.9,56.6687807400443,66.4988095804224,0,9.83002884037814,56.0832402885697,66.0689456396366,0,9.98570535106698,70.7605247485513,63.5599997498276,78.613466366318,15.0534666164904,1,14.6990923831875,0.532516816435054
"75",75,10,-0.9,64.2125531105394,80.8472332432378,1,16.6346801326983,63.0399240676553,79.541175809885,1,16.5012517422296,70.8756175601321,63.340067026547,80.8737195038499,17.5336524773029,1,15.0295704952954,0.470123766094918
"76",76,10,-0.9,58.1351267033794,72.4515483514769,1,14.3164216480976,59.2416294779637,73.7860196131739,1,14.5443901352101,69.5943246654706,63.0678583006876,76.5997721452187,13.5319138445311,1,10.9637397584926,0.445809090581868
"77",77,10,-0.9,59.1582345661209,75.9990170847507,1,16.8407825186297,59.1967075809059,75.7934861598833,1,16.5967785789773,69.6379345703775,53.0974406278412,79.8698685961128,26.7724279682716,1,17.0137161482446,0.158089903295243
"78",78,10,-0.9,52.3115417084567,66.9695829776411,0,14.6580412691844,51.8234146034509,67.7397015924565,0,15.9162869890056,69.7650610265531,63.1107453281261,77.3635403016122,14.2527949734861,1,10.7915661549052,0.384571701486378
"79",79,10,-0.9,65.5820676481035,75.9434857579879,1,10.3614181098844,66.7983382532973,77.494881085359,1,10.6965428320617,71.0389099340062,62.6416147971447,80.3591659027488,17.7175511056041,1,15.2467060009739,0.297853681677379
"80",80,10,-0.9,53.4185595777644,74.6791742009118,1,21.2606146231474,50.9382452019632,73.1129406541205,1,22.1746954521573,69.7651381439825,63.7399462109813,77.0303265065304,13.2903802955492,1,11.1240752321806,0.527771292265998
"81",81,10,-0.9,61.8423613732399,76.9927505097445,1,15.1503891365046,62.0674419993455,77.6724416401231,1,15.6049996407776,70.6309369371739,61.6007899402213,87.4301802033815,25.8293902631602,1,14.1011634421764,0.29760484093629
"82",82,10,-0.9,68.0007081387743,79.7981507736007,1,11.7974426348264,65.7132700693162,78.4217378324743,1,12.7084677631581,69.2006740158824,63.127052275191,75.2664896823264,12.1394374071354,1,10.4219292873001,0.587429851290102
"83",83,10,-0.9,55.9273680935682,78.1744540742099,1,22.2470859806417,48.6333994427743,74.2448065783554,1,25.6114071355811,70.6773681855941,63.7512288845431,78.7277978063128,14.9765689217697,1,12.307768048289,0.577794461535893
"84",84,10,-0.9,65.07622570182,76.5772208188637,1,11.5009951170437,64.0894583466099,75.5186231591298,1,11.4291648125199,70.7567465954628,63.6281099508843,78.3495154922469,14.7214055413626,1,13.522265637219,0.492284795474614
"85",85,10,-0.9,61.2269689038955,79.3075562013678,1,18.0805872974723,60.7227814536662,78.7582577562835,1,18.0354763026172,69.7147197654345,63.5717942648424,75.5752464028138,12.0034521379714,1,10.4169645761157,0.46178805726825
"86",86,10,-0.9,52.5511080743271,73.8063459571523,1,21.2552378828251,52.338141225725,73.7166852823192,1,21.3785440565941,70.9834753441073,62.8180402706998,79.3094065796105,16.4913663089106,1,13.4969931066912,0.500788678793073
"87",87,10,-0.9,61.6003367145543,73.573718605766,1,11.9733818912117,62.4942234487743,73.5241144864431,1,11.0298910376688,70.4086743211864,63.6100345679755,78.36860657743,14.7585720094546,1,11.7283346167712,0.627328720600972
"88",88,10,-0.9,56.2162981316422,77.9815904094335,1,21.7652922777913,53.4461139011229,75.4442819782608,1,21.9981680771379,70.1639788147496,63.3293731035228,77.4494509962227,14.1200778926999,1,12.3851852690729,0.402783918159313
"89",89,10,-0.9,50.7817675674587,73.783849385611,1,23.0020818181523,50.0835955739268,73.160708453004,1,23.0771128790772,71.7095196860934,62.7534828274471,81.0268908685488,18.2734080411017,1,15.3930857703362,0.51540787117737
"90",90,10,-0.9,63.3724472499942,79.4850826338587,1,16.1126353838645,62.0984017237801,78.7171912125121,1,16.618789488732,69.9613963552619,63.371848503066,77.541825758238,14.169977255172,1,12.2567977460735,0.502331458693177
"91",91,10,-0.9,49.1198158837874,70.5431657340659,1,21.4233498502785,50.0263119815423,71.6434230898034,1,21.6171111082611,69.7035870823339,63.2851327907189,76.4627233418573,13.1775905511384,1,11.3542424776156,0.610009028765127
"92",92,10,-0.9,59.1854573756971,74.6526503164522,1,15.4671929407552,60.064856086297,76.7309213499488,1,16.6660652636518,70.5303573263625,62.6228370360178,80.4762665813722,17.8534295453544,1,13.0579022260346,0.283309328289909
"93",93,10,-0.9,55.0491045307195,75.8948380760118,1,20.8457335452923,50.9612421555214,73.8262292885827,1,22.8649871330613,69.340059871801,63.4187731020581,76.4487432324756,13.0299701304176,1,10.5378877162723,0.511620282342678
"94",94,10,-0.9,60.1102260890827,75.7052482013747,1,15.5950221122919,57.3004958480821,74.3884491045831,1,17.087953256501,71.2238622520083,62.536291353686,79.7082666060677,17.1719752523817,1,14.8585980598523,0.460806956062893
"95",95,10,-0.9,59.8200349295328,73.9731896057346,1,14.1531546762018,58.6961990151879,73.1745311963021,1,14.4783321811142,70.2233047598619,62.9313894483775,77.4323583361113,14.5009688877338,1,12.8150179590279,0.601995556025754
"96",96,10,-0.9,61.4192323134672,77.5485385778824,1,16.1293062644152,61.2710346068227,77.6797587067365,1,16.4087240999138,69.3326924369237,63.8481373739991,75.607219138652,11.7590817646529,1,11.03948835828,0.605579808004564
"97",97,10,-0.9,53.1675838345726,70.7206341833408,1,17.5530503487682,52.5532726380918,70.3373130793799,1,17.7840404412881,70.8592016165911,63.7049825690942,80.2551746504833,16.5501920813891,1,13.2841206998414,0.596556117292926
"98",98,10,-0.9,48.8992358391205,68.6344782721246,1,19.7352424330041,46.2316055763379,66.9979017000784,0,20.7662961237405,70.077329097572,64.2061411851082,77.1285113249614,12.9223701398532,1,11.8268225041603,0.46838078636905
"99",99,10,-0.9,63.5120961631879,77.8213834835095,1,14.3092873203216,63.4750699656211,78.5306859380587,1,15.0556159724376,72.7085842002897,61.0313747884685,84.8522956021718,23.8209208137034,1,18.0393964905665,0.564207425243266
"100",100,10,-0.9,54.0612010675819,72.7634237160468,1,18.7022226484649,50.5522960107748,70.4848541518539,1,19.9325581410791,69.6976651494148,62.7254158265272,76.8259878793238,14.1005720527967,1,11.6557888217026,0.499644409293122
"101",1,10,-0.5,65.0774033536852,80.8964543722226,1,15.8190510185374,61.2132210222937,79.1365267296119,1,17.9233057073182,72.1526616533436,64.7892300046406,82.5807411845922,17.7915111799516,1,16.7564091862495,0.6774255178717
"102",2,10,-0.5,64.343328729077,72.8486846461165,1,8.50535591703942,64.7112874345435,73.4566774554626,1,8.74539002091905,70.7627262398647,56.6950843127459,89.3118606480821,32.6167763353362,1,16.5142232150189,0.534609207656972
"103",3,10,-0.5,60.1755572025082,76.9455683207439,1,16.7700111182357,58.7246960181152,75.9428549850569,1,17.2181589669417,70.5156737382173,62.6255675653635,78.5881932233529,15.9626256579894,1,13.1084334521498,0.544543695353875
"104",4,10,-0.5,64.0091766006465,83.5202167366176,1,19.5110401359711,63.8814484539831,83.0934827288168,1,19.2120342748338,70.1140785818027,63.404918014006,78.518028766834,15.1131107528281,1,12.5013214190798,0.46312483142327
"105",5,10,-0.5,60.2135975474779,76.8446330192017,1,16.6310354717239,59.4706669286817,76.2958929976184,1,16.8252260689366,71.9706896650577,62.8000030249074,83.1696446851382,20.3696416602308,1,17.1498367468393,0.572130907438692
"106",6,10,-0.5,58.3897971734259,73.4238712531479,1,15.034074079722,57.5679287358337,72.1619490874322,1,14.5940203515986,72.5283492646627,60.3894537317098,88.6867335824979,28.2972798507881,1,16.8855817657366,0.424693091266418
"107",7,10,-0.5,56.3681184922367,72.5498989342221,1,16.1817804419854,56.8767332082728,73.3089146738084,1,16.4321814655356,69.4910568000146,62.0266640864083,76.5277883049199,14.5011242185117,1,10.8020602312159,0.448298501238656
"108",8,10,-0.5,54.2834932702452,71.6579525270361,1,17.3744592567909,51.2537243337326,70.225212104983,1,18.9714877712504,71.0995309929011,62.2161917860441,81.9477721674109,19.7315803813668,1,15.5025638032709,0.444724262236796
"109",9,10,-0.5,61.2968946962044,72.975451436439,1,11.6785567402346,62.8261955382953,76.2887394408517,1,13.4625439025564,70.2797580459344,63.2594500299997,78.9274123281068,15.6679622981071,1,12.1456420646585,0.38109635570095
"110",10,10,-0.5,58.0159346296748,79.7852002540255,1,21.7692656243507,48.5708669868949,76.7321736261123,1,28.1613066392175,70.3390685753083,57.5452555488649,80.4484051436116,22.9031495947467,1,15.930668879376,0.26516719094941
"111",11,10,-0.5,57.3251289677327,77.3393049824593,1,20.0141760147266,58.8174283926453,78.8309945366022,1,20.0135661439569,70.5573468661105,61.7818587476129,78.1329092731711,16.3510505255582,1,13.7788323048947,0.301352927528903
"112",12,10,-0.5,54.3088525976888,74.565145476591,1,20.2562928789022,55.5590694099294,75.9253243516942,1,20.3662549417649,70.5164121171847,63.0566493976687,78.2022372639373,15.1455878662686,1,13.9560217741771,0.637228987011518
"113",13,10,-0.5,62.2951404113231,71.2456307608428,1,8.95049034951973,62.3594769583309,71.0934825281313,1,8.73400556980042,70.181880095103,63.4018006050611,77.9021053543534,14.5003047492922,1,11.9096890630842,0.515034412895853
"114",14,10,-0.5,60.0375157926462,75.5205265765472,1,15.483010783901,60.9841133458507,75.3687781817434,1,14.3846648358928,70.4723899033178,63.9966262998911,77.6134897811478,13.6168634812567,1,11.9700573544399,0.602650344127005
"115",15,10,-0.5,64.9539323341442,74.9843459226908,1,10.0304135885466,64.9715916693081,74.8479524709148,1,9.87636080160675,71.2475072875471,61.5167117565692,81.5865220857678,20.0698103291986,1,15.3630021772547,0.571122833286444
"116",16,10,-0.5,63.1145873659723,80.4799278391059,1,17.3653404731336,64.4714974233477,81.2549423008729,1,16.7834448775252,70.4457180714849,60.4953957221185,80.4357183052139,19.9403225830954,1,16.3580864300433,0.56989173259157
"117",17,10,-0.5,55.3231728038099,78.4304383475816,1,23.1072655437718,56.0364499995272,77.3300427603186,1,21.2935927607914,71.9364272940074,63.914726556547,80.0459443415944,16.1312177850475,1,15.4112417370372,0.485866322871031
"118",18,10,-0.5,58.9060176163602,75.278426473964,1,16.3724088576039,59.4415201013618,75.6877896743602,1,16.2462695729984,70.641204325503,63.5041810152692,78.8138298409497,15.3096488256805,1,13.6649599086086,0.653738684157274
"119",19,10,-0.5,52.7029147669145,73.6387705469483,1,20.9358557800339,46.723756198002,70.8716466428927,1,24.1478904448907,69.3338546390179,63.3232743570205,76.1715457719894,12.8482714149689,1,10.9844620550005,0.525159652802237
"120",20,10,-0.5,65.5317009934099,78.2790575504312,1,12.7473565570213,66.7374051575247,79.7859407888091,1,13.0485356312844,70.1546340391829,63.7890179792773,78.7966785516186,15.0076605723413,1,12.0094479883503,0.539438127619025
"121",21,10,-0.5,45.8985369132932,72.5762465631342,1,26.677709649841,44.0080314272892,71.0076433221952,1,26.9996118949061,70.231886306308,63.2239205898756,77.0930516365383,13.8691310466627,1,12.4686532717847,0.568145166140415
"122",22,10,-0.5,48.9699663070005,70.4244659921231,1,21.4544996851226,49.4459686014145,72.2378145349023,1,22.7918459334878,69.5867727005479,61.8811593146756,78.2302395714287,16.3490802567531,1,12.1574083590638,0.594277622991856
"123",23,10,-0.5,55.606119737983,82.4936554335677,1,26.8875356955847,50.7037124300978,79.1243320117088,1,28.420619581611,70.9540555166173,62.6421336393873,82.3029482195507,19.6608145801634,1,13.4267436770622,0.510419089828842
"124",24,10,-0.5,68.4987749593246,80.6470156819704,0,12.1482407226458,69.0198480672459,80.4881984367728,0,11.4683503695269,70.6288550511203,61.7158153782192,79.1314925704845,17.4156771922653,1,14.1261635672502,0.634136527971804
"125",25,10,-0.5,58.2431217688866,78.1497306467468,1,19.9066088778602,56.4495561082244,77.8098304268672,1,21.3602743186428,71.4511373685182,62.5300244992568,82.8461177047493,20.3160932054925,1,14.566434517111,0.488075977311213
"126",26,10,-0.5,58.9743304989394,83.8783819725628,1,24.9040514736234,51.5750741964844,79.6423454945334,1,28.067271298049,69.2777770100094,62.8593316903388,76.3996507007026,13.5403190103638,1,10.7059428913209,0.59587132332623
"127",27,10,-0.5,58.5806644415966,75.6665373291563,1,17.0858728875596,57.5658294450411,74.6243983715142,1,17.0585689264731,69.9795554629277,63.9494192455295,77.0977913786281,13.1483721330986,1,12.6130820635444,0.589778701062913
"128",28,10,-0.5,62.0739784054377,79.6093208737097,1,17.5353424682719,62.6512380061364,79.6803698015321,1,17.0291317953957,69.0873507983557,63.4306768202079,74.7469994827436,11.3163226625357,1,10.5890375068387,0.545652273832334
"129",29,10,-0.5,65.317272224662,78.6153771993009,1,13.2981049746388,65.6613939269477,79.1817358875812,1,13.5203419606335,70.7127734180141,58.8069408069177,79.7097822828934,20.9028414759757,1,15.8678425363981,0.439156233261059
"130",30,10,-0.5,64.8619235218672,77.5580244465623,1,12.6961009246951,64.9131274460629,77.5038937524383,1,12.5907663063754,70.7512923019774,63.2847547581364,80.5983024066444,17.313547648508,1,12.8370761695456,0.625824247011579
"131",31,10,-0.5,72.6100875883974,79.3015646861356,0,6.69147709773816,72.3884760096097,78.934261019414,0,6.54578500980432,70.437284408026,63.6123765704354,77.1519658333302,13.5395892628949,1,12.6204072992419,0.446261455002289
"132",32,10,-0.5,71.3703279973157,83.8325960359419,0,12.4622680386261,68.9385764967805,82.3769073387194,0,13.438330841939,74.5043491087475,61.5910252015246,85.9078580494059,24.3168328478814,1,19.1151886127428,0.565716748425061
"133",33,10,-0.5,51.0708867426792,70.0886752238853,1,19.0177884812062,50.3577586926541,69.7934289385554,1,19.4356702459014,70.4966270427791,59.5227175713497,84.3707373230552,24.8480197517055,1,17.4436111821238,0.0384353656521503
"134",34,10,-0.5,57.5162808876246,77.5715880659213,1,20.0553071782968,52.5313402396796,74.6164206903396,1,22.0850804506599,70.1106351445964,62.3752172821013,78.3789790169,16.0037617347988,1,12.7778923999661,0.461204804354317
"135",35,10,-0.5,57.1877143418101,73.9846351294539,1,16.7969207876438,57.0785412778871,73.7708435021062,1,16.6923022242191,69.6024102683801,62.781609706466,77.4487921177495,14.6671824112834,1,11.6231177321732,0.345812967191518
"136",36,10,-0.5,50.342119762023,76.3125943794601,1,25.9704746174371,46.376845770513,73.7860589741622,1,27.4092132036492,70.1641068156637,62.49228444037,83.1458357438859,20.6535513035159,1,12.9988192747781,0.442782784124597
"137",37,10,-0.5,57.9240773710049,75.4707286420563,1,17.5466512710514,54.1158109048044,73.1878535304241,1,19.0720426256198,70.4551696320688,62.8485890134707,79.1779412013336,16.3293521878629,1,13.0327957360005,0.611976357876773
"138",38,10,-0.5,57.9020693532725,73.0672455393626,1,15.1651761860901,58.412283978235,72.4638294890905,1,14.0515455108555,70.7339444466983,62.8826443097047,80.2879508151861,17.4053065054814,1,12.6988302744037,0.640242042659458
"139",39,10,-0.5,56.7480769746165,70.2929851182286,1,13.5449081436121,55.6918040601519,69.455743361916,1,13.7639393017641,69.914278443697,63.8909752194922,77.0785996084034,13.1876243889112,1,11.25644640767,0.61575287434364
"140",40,10,-0.5,58.0933994938951,79.6016962541683,1,21.5082967602732,58.4457682243124,78.9833604530753,1,20.5375922287629,71.2230103944656,63.6384350525826,80.2559152364984,16.6174801839158,1,14.1864846587203,0.701730474006705
"141",41,10,-0.5,61.238659823948,74.8178908673164,1,13.5792310433684,60.706681821895,73.8491540401804,1,13.1424722182854,71.2288237299871,64.4996149311629,78.4100529220414,13.9104379908785,1,13.4206902868314,0.521796465996195
"142",42,10,-0.5,59.7996880174351,76.0896506591236,1,16.2899626416885,59.4440143122866,75.6015226204064,1,16.1575083081198,70.2453767044166,61.0275992337773,80.0605076953008,19.0329084615235,1,13.9603862441711,0.453802412407907
"143",43,10,-0.5,56.6755247796344,75.2423081217818,1,18.5667833421474,58.1938249165813,75.7188735616687,1,17.5250486450874,71.8318836950134,60.5893685903935,84.9872420420873,24.3978734516938,1,21.0347068409531,0.252481387860403
"144",44,10,-0.5,62.94066815035,77.6543158042189,1,14.7136476538689,60.5837911649211,75.092956902333,1,14.5091657374119,70.9922679146953,62.4887509188704,80.7298469960323,18.2410960771619,1,16.3932270156356,0.394970751095599
"145",45,10,-0.5,66.6814906063141,79.7895271144323,1,13.1080365081182,67.1422898755938,80.0250482276078,1,12.882758352014,69.8963947177579,63.5729270044757,76.422947543023,12.8500205385473,1,11.3957159446002,0.611577438860703
"146",46,10,-0.5,61.2565046401563,74.8006373309834,1,13.5441326908272,60.661865493334,74.334162237004,1,13.6722967436701,69.6246736053362,63.4970597424413,78.3150014805682,14.8179417381269,1,10.7574539479458,0.531131184163961
"147",47,10,-0.5,56.7485196930433,73.1910223529173,1,16.442502659874,56.8387571579362,72.7841517295543,1,15.9453945716181,71.0883366804053,59.9901284006637,80.7255130073218,20.7353846066581,1,14.8548478148839,0.38138418989081
"148",48,10,-0.5,56.0060232980744,75.9429090786033,1,19.9368857805288,51.1599595094762,73.8333212490538,1,22.6733617395776,69.7745396954638,61.8445927900101,78.4174006913356,16.5728079013255,1,14.1980062656267,0.327795150247884
"149",49,10,-0.5,66.0188895797286,81.5280001356075,1,15.5091105558789,66.4394397628569,82.0678225464168,1,15.6283827835599,70.4142665768415,62.8500143299691,78.9860129987549,16.1359986687858,1,13.2525655806687,0.560406573671828
"150",50,10,-0.5,53.1558036515371,71.1093422176294,1,17.9535385660923,50.8379150290046,69.9605143713352,1,19.1225993423305,70.5589013255321,63.796382720186,77.6789902194435,13.8826074992575,1,11.3416524090637,0.469437466732593
"151",51,10,-0.5,59.8946263097823,75.5471681809116,1,15.6525418711293,60.3503562219786,77.5853546831527,1,17.2349984611741,70.2173341519768,62.8271084219734,78.089675203774,15.2625667818006,1,12.5696523812096,0.532547448712685
"152",52,10,-0.5,59.4082722729212,77.2664004052372,1,17.858128132316,54.2185772515757,75.7521006223691,1,21.5335233707934,70.3324872247221,61.63328950102,77.7031196528057,16.0698301517857,1,13.8015019675455,0.449753277978022
"153",53,10,-0.5,61.6273430038078,77.4559137959161,1,15.8285707921083,60.7269755457235,76.4856018514984,1,15.7586263057749,70.0319668940156,63.1719863996786,77.1708924128424,13.9989060131639,1,12.2641026575883,0.379580819442008
"154",54,10,-0.5,61.0155323888905,71.996425448488,1,10.9808930595975,60.4332241683368,71.3455184610766,1,10.9122942927398,70.4160394899824,63.3090187787169,78.321152817405,15.0121340386882,1,12.1358473476665,0.424680258628255
"155",55,10,-0.5,50.5347059007013,74.0377315372548,1,23.5030256365534,49.2666866057942,72.0985897586456,1,22.8319031528515,70.0356092591473,63.2083737190216,77.5662837656844,14.3579100466628,1,12.4704064897574,0.421910492305527
"156",56,10,-0.5,66.9793218029793,78.1310337051031,1,11.1517119021238,68.6545722470553,80.7110068543645,0,12.0564346073092,70.3347796931245,59.710028962955,80.0873597337421,20.3773307707871,1,15.0659907176477,0.402924779128139
"157",57,10,-0.5,55.4498219359173,77.2224543272719,1,21.7726323913546,53.3315199273503,75.534758463921,1,22.2032385365707,70.3434987302355,62.3790766028371,78.8866200607029,16.5075434578658,1,13.9642138338243,0.483177821817047
"158",58,10,-0.5,62.1486786885111,76.3811278303118,1,14.2324491418007,59.9733157108198,75.2318812462372,1,15.2585655354173,71.5973341682457,63.479384541097,80.4137369674374,16.9343524263404,1,14.6194723707748,0.369568679659616
"159",59,10,-0.5,69.4664039396537,81.6211726157273,0,12.1547686760736,69.400274411379,80.9678647139359,0,11.5675903025569,71.8549794601518,63.5598882995639,82.2205505942591,18.6606622946952,1,15.0091026581061,0.419270269082814
"160",60,10,-0.5,65.2949606116281,78.4525978218557,1,13.1576372102276,65.3404063644886,78.4998722509747,1,13.1594658864861,70.7632458530724,61.5410818495576,81.2040386383767,19.6629567888191,1,15.1209390117502,0.196498042403404
"161",61,10,-0.5,51.8210822082633,74.6111075328432,1,22.7900253245799,52.0671310253637,73.5697854488942,1,21.5026544235305,69.3624444999515,63.4985524432935,75.6324893952884,12.1339369519949,1,11.1854753559614,0.56999172605119
"162",62,10,-0.5,63.8510602009251,79.601185409232,1,15.7501252083069,62.6308097659255,78.5081651790746,1,15.8773554131492,70.5057485512318,61.9190473861021,79.2583683216747,17.3393209355725,1,13.1892381322533,0.391338901161437
"163",63,10,-0.5,56.6176467805316,78.5528153956682,1,21.9351686151366,53.1184811479409,76.7742055259005,1,23.6557243779596,69.4186412358283,63.4306861511696,76.9258483585382,13.4951622073686,1,11.1092110279799,0.545892137494757
"164",64,10,-0.5,68.5905620859821,83.2092665482546,0,14.6187044622724,68.1247603460036,83.0561643777952,0,14.9314040317916,70.7942861591282,63.034739077453,79.8211069727394,16.7863678952864,1,15.3206301512218,0.452724584060721
"165",65,10,-0.5,65.8311751163228,76.3799198397283,1,10.5487447234054,65.5179468392809,76.1282494651472,1,10.6103026258663,70.0501277107639,63.4573461622842,77.6750971920981,14.2177510298138,1,13.3821201109851,0.521970868512633
"166",66,10,-0.5,60.0088034548073,77.9581823667231,1,17.9493789119159,54.8090299253606,74.8328989880881,1,20.0238690627275,71.2926050499957,63.0112791514791,80.2752625294597,17.2639833779806,1,14.9743191690307,0.390130243310786
"167",67,10,-0.5,61.078607947414,74.1698141493827,1,13.0912062019687,61.9406184220397,75.854963767521,1,13.9143453454813,70.3354411589285,63.1970082990375,78.2854140376293,15.0884057385918,1,12.2636617888972,0.443712045694434
"168",68,10,-0.5,55.0411173493254,76.0542771851744,1,21.0131598358489,54.3865228779988,74.4558845622611,1,20.0693616842622,69.123691685041,63.3539340552286,75.4049747759984,12.0510407207698,1,10.1797238791454,0.589792114399822
"169",69,10,-0.5,61.4543856391205,81.0463937433024,1,19.5920081041818,60.3607980235319,79.9091157078192,1,19.5483176842873,70.0196446792487,63.3754931481939,76.879001753274,13.5035086050802,1,11.4690959215036,0.509960924173755
"170",70,10,-0.5,61.3324195320958,78.1891125140122,1,16.8566929819164,59.9501531917948,77.4525748601322,1,17.5024216683373,69.7999426816282,63.6675867365762,75.4877744808593,11.820187744283,1,10.4029913092084,0.53124179261699
"171",71,10,-0.5,59.3635017555636,80.8627770516014,1,21.4992752960379,58.0492695504615,80.2090308499136,1,22.1597612994521,69.8684166096032,63.957525568806,79.206518460383,15.2489928915769,1,11.1857709092508,0.406728702286262
"172",72,10,-0.5,52.2024519137091,66.9308198338214,0,14.7283679201122,52.2741697677758,66.798867628401,0,14.5246978606253,70.1115897326051,63.7259703683864,78.0144742556618,14.2885038872753,1,10.6530500936717,0.511907389930383
"173",73,10,-0.5,56.5395969767794,78.1306609890269,1,21.5910640122474,55.3590405415921,77.4699191106295,1,22.1108785690375,69.436491668118,62.7754021615197,77.1905082827472,14.4151061212275,1,11.765482981848,0.501365979967647
"174",74,10,-0.5,62.0603014424025,76.0824479670673,1,14.0221465246648,61.8008471579915,75.5958933884524,1,13.7950462304609,70.908420865936,63.2468068958446,78.6000131175055,15.3532062216609,1,14.1247613903248,0.321022201826611
"175",75,10,-0.5,61.2654461696609,80.7988720146216,1,19.5334258449607,60.0631126901833,78.9644229982928,1,18.9013103081094,72.3695079190684,61.2803194928122,84.2151096400651,22.9347901472529,1,17.781452305581,0.658167204290843
"176",76,10,-0.5,60.2303712117849,75.4119909863258,1,15.1816197745409,61.0064847424806,75.6896244413723,1,14.6831396988917,70.8648025544811,62.2953242043739,79.304744161977,17.0094199576031,1,13.2201107904306,0.578555081742239
"177",77,10,-0.5,61.3178302795375,81.251911050179,1,19.9340807706415,60.1701687713176,80.8816957400596,1,20.711526968742,69.2962371453075,63.4471956251702,76.3698778622259,12.9226822370557,1,10.2813583774417,0.649006059506512
"178",78,10,-0.5,63.3309705776949,77.1626123506496,1,13.8316417729546,60.2475240205099,75.328968213582,1,15.0814441930721,69.7014551149796,63.3571718504929,76.2144752334754,12.8573033829825,1,10.6063187115258,0.441557206800574
"179",79,10,-0.5,57.0848832318253,73.4687645912229,1,16.3838813593976,58.0663993661296,73.5481189396445,1,15.481719573515,69.6658124834849,62.0425890168703,78.9171011581274,16.874512141257,1,12.0042327823907,0.42883282792161
"180",80,10,-0.5,48.7471553554088,74.7705618450316,1,26.0234064896227,45.0985031836526,71.6124750252741,1,26.5139718416215,70.1622575942733,63.7461105660022,78.0364071418163,14.2902965758141,1,11.8562513553545,0.567124621894644
"181",81,10,-0.5,55.7988877233004,77.8572268687826,1,22.0583391454822,54.9148129290994,76.4453950718235,1,21.5305821427241,71.5485725957046,61.6392099838588,86.3370584199071,24.6978484360483,1,16.196322374027,0.608253351795074
"182",82,10,-0.5,54.8630468124137,71.9892877795904,1,17.1262409671766,55.2204083872739,72.351457219291,1,17.1310488320171,70.1259180305518,63.0209544188102,77.1800553743449,14.1591009555347,1,12.1323755296493,0.545164324908942
"183",83,10,-0.5,62.5641781467903,81.5944545726859,1,19.0302764258956,61.4246818144442,80.2282481833842,1,18.8035663689399,70.8332497468142,63.9572458639947,79.0565453676897,15.099299503695,1,12.4763574135865,0.371880643959635
"184",84,10,-0.5,57.5890285938397,77.9807092618757,1,20.3916806680359,56.1235860840197,76.9145204533886,1,20.7909343693688,70.8747077452854,61.7807788154816,80.6310571734183,18.8502783579367,1,14.9255630124716,0.506273438735241
"185",85,10,-0.5,58.0178615661916,77.8243666787743,1,19.8065051125827,55.2594094668111,76.1465356315008,1,20.8871261646897,69.4813552508982,63.4222916458875,77.3229845178744,13.9006928719869,1,10.1792530505952,0.475806541625663
"186",86,10,-0.5,54.2350581406932,71.3310180069608,1,17.0959598662677,55.0707818909647,71.9301706296898,1,16.8593887387251,69.4310058269319,63.7212101950615,76.3905303997429,12.6693202046815,1,10.6059380469852,0.582383886027682
"187",87,10,-0.5,68.1481190839109,80.4542745152726,0,12.3061554313618,68.4650585513232,79.4777895422436,0,11.0127309909204,70.2056611787318,62.2762600084811,80.6591265777086,18.3828665692275,1,15.2121420285226,0.432056842354668
"188",88,10,-0.5,56.1679906613147,69.1832615750823,1,13.0152709137675,56.1318807334486,68.8142132928283,1,12.6823325593797,69.8055652821843,63.9726114343542,77.4398040270863,13.4671925927321,1,10.4459142174672,0.594152870482623
"189",89,10,-0.5,73.9147972931695,80.6275107881904,0,6.71271349502092,71.017512854252,79.4429825695833,0,8.42546971533127,70.2329922364969,62.5304193162503,78.7234767045266,16.1930573882762,1,12.8249062070113,0.558703553074187
"190",90,10,-0.5,54.3497361341009,74.0836897373933,1,19.7339536032925,52.13597834233,72.9320614537205,1,20.7960831113905,69.5996913235458,62.0867264902925,77.4354202343577,15.3486937440652,1,11.4768680802529,0.603219567959512
"191",91,10,-0.5,52.9082085675912,78.3147299806984,1,25.4065214131072,50.1339323049773,77.3692544383612,1,27.2353221333839,71.1889723111298,64.0124752110883,78.3739996667201,14.3615244556319,1,12.3789302538383,0.410708873267288
"192",92,10,-0.5,57.4460509164188,76.7161935651953,1,19.2701426487764,56.9727131565833,76.5339761216367,1,19.5612629650534,69.8887602720632,63.617643881944,76.968749316538,13.3511054345941,1,11.3808234647791,0.604476640611416
"193",93,10,-0.5,58.0553704483556,78.0764282964035,1,20.0210578480479,55.5528870840309,76.591436611384,1,21.0385495273531,70.1657822867423,63.4688785057786,76.3679875280812,12.8991090223026,1,11.5099009498233,0.581674237155403
"194",94,10,-0.5,63.8245209904401,83.0538982621427,1,19.2293772717026,64.7080884947381,83.2810139360209,1,18.5729254412828,69.6091222628536,64.4849561326427,76.3751504005112,11.8901942678684,1,10.2400881215914,0.589263534907642
"195",95,10,-0.5,57.1496729375157,72.4034791264081,1,15.2538061888924,56.4730843100515,72.0796598138579,1,15.6065755038064,69.8794612018134,62.2622246834329,79.0322576013301,16.7700329178972,1,12.3049041618422,0.522416757258581
"196",96,10,-0.5,66.1280559355882,81.0012956846866,1,14.8732397490984,64.6147089312397,79.6666390840789,1,15.0519301528391,69.4626260017556,63.4719353788511,79.9065236466714,16.4345882678203,1,10.4536901945141,0.579292165048186
"197",97,10,-0.5,59.906454077032,76.6667128257353,1,16.7602587487033,59.8763032562859,75.8814674685686,1,16.0051642122827,69.669371582913,61.0512543679695,76.625025813485,15.5737714455155,1,11.4677442481889,0.487870197834606
"198",98,10,-0.5,58.0097127344017,78.5591209445991,1,20.5494082101974,54.4403880343101,77.5121773648354,1,23.0717893305253,70.0591493346245,62.1987680188086,77.6078874817232,15.4091194629146,1,12.4142237740297,0.524975582962444
"199",99,10,-0.5,58.8579972088355,81.8080946326335,1,22.950097423798,60.5671743535594,83.0183378502846,1,22.4511634967253,72.3120038333614,64.1906297092994,82.5925467902785,18.4019170809791,1,15.8791994746033,0.506460331133119
"200",100,10,-0.5,58.157174529078,75.5907374711059,1,17.4335629420279,58.7162010705632,75.2816656493681,1,16.5654645788049,71.0346462718201,60.0707374125288,83.7974596316075,23.7267222190788,1,18.503203343047,0.378257749148086
"201",1,10,0.5,58.2442602324429,76.6031692579806,1,18.3589090255377,60.5084469296302,79.8734959855742,1,19.365049055944,69.9848164378124,61.039146412585,78.4820924140907,17.4429460015057,1,12.0335989427425,0.457710429543291
"202",2,10,0.5,60.8725282838529,78.0815827433854,1,17.2090544595325,63.8365414432611,83.2615543885539,1,19.4250129452929,70.0826281060379,63.5194965551382,77.7860612359797,14.2665646808415,1,11.3924995531046,0.525405149983364
"203",3,10,0.5,58.425045745932,82.5963935354397,1,24.1713477895077,59.9303230437248,85.8863547964745,1,25.9560317527497,69.4792104729664,63.3210176645102,76.8438919054409,13.5228742409307,1,10.6529105667935,0.534107960618088
"204",4,10,0.5,62.1329937688347,79.789846089772,1,17.6568523209373,63.7237837279789,81.3761683842254,1,17.6523846562464,71.7642734212678,63.7477014081784,80.9486428075262,17.2009413993478,1,16.022532654069,0.561779909606025
"205",5,10,0.5,59.7916651837688,72.6376170127663,1,12.8459518289975,59.7980286586848,72.3915236719326,1,12.5934950132478,70.0424742142942,62.0257938387746,79.3936809492108,17.3678871104362,1,14.7921131892898,0.431710290898191
"206",6,10,0.5,61.1316753201009,71.7385570953803,1,10.6068817752794,62.0055650732451,72.4744778482905,1,10.4689127750454,71.1628489939326,62.3418068870189,81.9476345273077,19.6058276402888,1,16.0369216015528,0.343397589812751
"207",7,10,0.5,60.1069577090811,74.7527254785329,1,14.6457677694518,60.6405190042402,74.667602545393,1,14.0270835411528,71.0558915838196,61.6786309393652,79.8657915565979,18.1871606172327,1,13.1661601010623,0.271945600051165
"208",8,10,0.5,59.1786762712417,78.4982090407155,1,19.3195327694738,59.9298427000894,79.3854737476892,1,19.4556310475999,70.3788842892645,62.6399618032325,78.5351268485795,15.895165045347,1,12.6690778980097,0.605020605451526
"209",9,10,0.5,62.0242657374759,80.0404516372755,1,18.0161858997996,59.367358913517,78.9086807139948,1,19.5413218004778,70.4449156647073,58.0833839023399,84.0006090783575,25.9172251760176,1,19.6405495175212,0.290750392409675
"210",10,10,0.5,60.773773795288,81.95267825308,1,21.178904457792,61.4266785146918,82.8840062259503,1,21.4573277112585,69.9881630011516,57.3987708274029,88.4590657656316,31.0602949382286,1,21.615516182781,0.328071431783115
"211",11,10,0.5,67.2377091832587,82.5132369810806,1,15.2755277978218,66.6991944410784,81.5464988111508,1,14.8473043700724,69.997968577544,58.8583593336442,78.3384419842477,19.4800826506035,1,12.3585362388126,0.4611225203554
"212",12,10,0.5,58.945190521089,77.2323348232309,1,18.2871443021419,59.867529530629,77.0527712251839,1,17.1852416945548,70.5532976480561,63.2591015996032,78.3938887544259,15.1347871548226,1,13.2846006808102,0.441220622592276
"213",13,10,0.5,60.0480649056551,75.9422956808684,1,15.8942307752133,61.0570916620259,76.951766025317,1,15.8946743632911,70.0785867584293,63.6235769953504,79.075604337934,15.4520273425836,1,11.321560006593,0.476611743349656
"214",14,10,0.5,57.6303961074364,65.2525986669928,0,7.62220255955648,57.3404319995769,64.924546493368,0,7.58411449379116,71.3954877868928,63.9242822712772,81.4761114743255,17.5518292030484,1,13.3183518831725,0.579638679934503
"215",15,10,0.5,62.030019231236,76.1058102613058,1,14.0757910300698,61.6225657841626,74.5879754842806,1,12.9654097001179,70.3688121547181,62.3530277506468,78.2220704626242,15.8690427119774,1,12.109695643786,0.51342318925547
"216",16,10,0.5,62.1771362783225,75.0892872231972,1,12.9121509448748,63.7021798414528,77.392562092387,1,13.6903822509342,70.0443442534317,62.6429437103844,77.7105776096064,15.067633899222,1,13.772252161539,0.380602189266279
"217",17,10,0.5,55.3518380505444,71.3424614578412,1,15.9906234072968,57.0456381506204,72.9315764261391,1,15.8859382755187,70.8866722904474,63.0724497594154,78.5505519059371,15.4781021465217,1,12.2079979155217,0.351666584925835
"218",18,10,0.5,58.9862375874028,75.1555344870817,1,16.1692968996789,59.1158888165419,74.7906830974831,1,15.6747942809412,70.9312746845735,63.4948035555272,79.237995001326,15.7431914457988,1,12.3022037613616,0.560347217807525
"219",19,10,0.5,59.1003360100264,79.5466847585671,1,20.4463487485406,60.0656095655288,81.8487380454265,1,21.7831284798977,69.202944420894,62.9086694699913,76.4343923586989,13.5257228887076,1,10.7659740569592,0.520096370444797
"220",20,10,0.5,56.8802999658906,76.301573319321,1,19.4212733534304,56.3285673156633,76.7764343244083,1,20.447867008745,70.1473164191567,63.5438156731164,78.4227024804865,14.8788868073701,1,11.9897467214583,0.398925070940486
"221",21,10,0.5,60.4225611669685,77.7748707996047,1,17.3523096326361,60.8064623606475,78.1384698081197,1,17.3320074474722,70.9545198461067,64.0061084819332,80.0860863340774,16.0799778521441,1,14.1048813952216,0.389682182372694
"222",22,10,0.5,60.1642226554001,78.8090492718484,1,18.6448266164483,60.334529721184,79.9582124010257,1,19.6236826798417,70.5348616642256,62.1041127478846,78.0813778565781,15.9772651086935,1,14.3282153954609,0.278970332143759
"223",23,10,0.5,56.0611589793443,64.1687279827056,0,8.10756900336133,54.9621483619607,63.9050507724681,0,8.94290241050747,71.5534194818192,61.9336397549301,82.1733247607514,20.2396850058214,1,14.6803189615062,0.402343033414399
"224",24,10,0.5,55.0313027981398,74.8124067156634,1,19.7811039175236,56.8963048735879,78.8127384590646,1,21.9164335854767,70.7898062825734,63.2278034740173,77.3515639969086,14.1237605228912,1,12.8104085485048,0.552580721043543
"225",25,10,0.5,64.4204929387113,86.7303735221672,1,22.309880583456,66.0313414187342,87.9103998703542,1,21.87905845162,69.580839297966,63.4187606962788,75.7015524892666,12.2827917929878,1,11.6407769283337,0.549550413024138
"226",26,10,0.5,67.0411779077145,85.6436228878299,1,18.6024449801154,64.8812290210769,84.1219101674374,1,19.2406811463605,70.5818166980176,62.253628487357,80.14335097085,17.889722483493,1,16.1212400805736,0.211411856372779
"227",27,10,0.5,68.9663789595501,82.1372940929857,0,13.1709151334356,70.3515095507725,84.0496169304471,0,13.6981073796746,70.4484222006164,64.3028202248861,76.8377224477036,12.5349022228176,1,11.9720965078433,0.232430256287634
"228",28,10,0.5,55.1981145599545,68.5706858965243,1,13.3725713365698,55.1354815621407,67.9586527887861,1,12.8231712266454,69.7398081957563,63.6962378560017,78.0135752487466,14.3173373927449,1,10.9824550479218,0.588318683302528
"229",29,10,0.5,61.0670604978931,77.1917784747649,1,16.1247179768718,60.084839866733,76.7594153280879,1,16.6745754613549,71.1614494218336,60.9784597381736,81.9797133274636,21.00125358929,1,16.8829136202558,0.310216866845297
"230",30,10,0.5,61.4303198955268,80.0945811264666,1,18.6642612309398,61.8694851073382,80.9140882940073,1,19.0446031866691,71.5486681995997,63.8297391986372,78.1792184330108,14.3494792343736,1,13.6092800114319,0.396180209384471
"231",31,10,0.5,57.4034339943311,74.4936226829151,1,17.090188688584,56.6097711430658,73.5406786452402,1,16.9309075021744,70.3545712329191,64.2586421887771,76.9069449439788,12.6483027552017,1,11.4320784938934,0.365908005123159
"232",32,10,0.5,55.8866962003745,73.1191865521111,1,17.2324903517366,58.6045383718252,79.1847611142875,1,20.5802227424623,70.9894765473435,63.0519349852465,81.2630041461729,18.2110691609264,1,15.7426714767339,0.300962577818183
"233",33,10,0.5,58.7540758393255,69.3524085822633,1,10.5983327429378,59.5496418954879,70.2302334015785,1,10.6805915060906,69.7165609923706,63.4326014309163,78.2971234622645,14.8645220313482,1,11.0747800445125,0.420885916044162
"234",34,10,0.5,62.0844185316856,79.9274581241768,1,17.8430395924912,61.0942384788453,79.2619418607297,1,18.1677033818844,70.5428455290357,63.8798927248404,78.3381533028159,14.4582605779755,1,12.3470772778721,0.416801022809964
"235",35,10,0.5,66.1872103938395,81.9757754956561,1,15.7885651018166,65.4087730992882,81.4752807725595,1,16.0665076732712,70.0777573950322,63.7115327617135,77.279670179943,13.5681374182295,1,12.5270864695861,0.478234030896602
"236",36,10,0.5,58.1181547519389,74.9157285972786,1,16.7975738453397,57.7961118959366,75.4370468422442,1,17.6409349463076,70.2123516049754,62.2321988552915,79.2089359659732,16.9767371106817,1,14.0387451278423,0.417318279641452
"237",37,10,0.5,59.9372761876126,75.0064220243427,1,15.0691458367301,61.2421128326506,76.0214020836921,1,14.7792892510416,70.6734957845462,62.6342442920541,78.4434671688419,15.8092228767877,1,14.553773651612,0.336254757898111
"238",38,10,0.5,53.8713784889807,75.7928627360554,1,21.9214842470747,56.0788623156409,80.0253508029459,1,23.946488487305,71.1924132808212,62.6238115543209,81.3472354910276,18.7234239367067,1,14.1231993879173,0.66573711572888
"239",39,10,0.5,61.1603501953522,73.0853886203007,1,11.9250384249485,61.6620953972863,73.4977155174017,1,11.8356201201154,70.4016285177085,62.2030881767569,79.1310650424265,16.9279768656696,1,13.6321149711706,0.461208015672481
"240",40,10,0.5,64.652894156436,83.1377205782845,1,18.4848264218484,61.2997611890537,81.5400518612983,1,20.2402906722446,70.6693630255519,61.8758659000408,79.5438026945201,17.6679367944793,1,13.1121071995465,0.62794533004132
"241",41,10,0.5,59.1334874453422,72.8460938659711,1,13.7126064206288,60.6735875526886,74.5654854416322,1,13.8918978889436,69.6911119490366,64.0951953556201,76.055611847231,11.9604164916109,1,10.9519760183424,0.554301224777041
"242",42,10,0.5,60.5324520664506,79.1251602708675,1,18.5927082044169,62.2330366172616,82.0263387686214,1,19.7933021513598,70.2796661858557,61.2284369326363,80.8288859452731,19.6004490126368,1,15.2194710592848,0.287457596496933
"243",43,10,0.5,58.1903453428701,77.3301394188922,1,19.1397940760221,59.9878457366185,80.5207321598808,1,20.5328864232623,71.3491846238025,61.7950343378507,81.3698084041255,19.5747740662748,1,16.1083025464611,0.255905697565136
"244",44,10,0.5,59.328077310455,74.9738066842842,1,15.6457293738292,57.36693411172,72.9592160459625,1,15.5922819342425,71.3091475137608,63.366695137769,80.6618804492539,17.295185311485,1,13.8169320806796,0.603891229834476
"245",45,10,0.5,57.2610918231302,73.2094643944141,1,15.9483725712839,58.178776184857,74.7292028671345,1,16.5504266822775,70.2901246134197,61.9465723917785,78.1080138639792,16.1614414722007,1,12.9102147508319,0.383999242505582
"246",46,10,0.5,62.0614627626046,77.5674897158442,1,15.5060269532396,61.2189812010017,76.3679031726731,1,15.1489219716714,70.5913236135466,60.2249406782241,85.4594085460455,25.2344678678213,1,13.7006153873464,0.330280066886703
"247",47,10,0.5,57.9613120523073,82.7203656985718,1,24.7590536462645,58.073934830318,83.2652430038663,1,25.1913081735483,70.089569724747,61.9638540630048,76.9065855055888,14.9427314425839,1,12.2515051151978,0.431298549560116
"248",48,10,0.5,57.1268527135949,82.7844808859167,1,25.6576281723218,57.9924739758224,82.843884283337,1,24.8514103075146,71.0179473409065,61.6806481142835,79.0833201445347,17.4026720302512,1,13.9746396933304,0.522363835983754
"249",49,10,0.5,57.6371174092745,75.2695632483488,1,17.6324458390743,58.8445556352738,76.6250020012123,1,17.7804463659385,70.0483304307361,62.8805044959686,77.8423877989101,14.9618833029415,1,11.5580661275769,0.512831120435387
"250",50,10,0.5,53.1884981367451,69.5659096978245,1,16.3774115610794,55.5753243272179,74.3626073756607,1,18.7872830484428,69.9055729391775,63.4471524736678,76.9056640763585,13.4585116026907,1,11.7445323751314,0.483158740484927
"251",51,10,0.5,57.1680047259125,76.1012156848752,1,18.9332109589627,58.6829254778718,78.3657036311876,1,19.6827781533158,70.5663834414326,63.2646829264691,80.2015878006839,16.9369048742148,1,12.1077015863865,0.284423241972253
"252",52,10,0.5,60.0172947864594,77.0431559425683,1,17.0258611561089,61.315587227991,78.590375882283,1,17.274788654292,70.0392875757928,61.8657756787481,83.3442929871261,21.478517308378,1,12.6181853635641,0.467993675269312
"253",53,10,0.5,64.9515740550996,86.52372108088,1,21.5721470257804,65.2024483604158,86.5064168245017,1,21.3039684640859,69.1674374266221,62.9892558002903,75.6179223617073,12.6286665614171,1,10.4304129281786,0.598671903985486
"254",54,10,0.5,57.4413108638552,73.9542360396099,1,16.5129251757547,57.2822873805374,73.8234515361092,1,16.5411641555718,69.4206662531747,62.9705946447699,76.7007981362041,13.7302034914341,1,11.5290527364746,0.603792151957107
"255",55,10,0.5,55.8320619563381,76.351144558412,1,20.519082602074,57.0201095351144,77.5620046185417,1,20.5418950834273,70.3154834483394,63.3567383416506,77.7477532041949,14.3910148625442,1,12.2535163660426,0.526160189510733
"256",56,10,0.5,60.5488718717987,75.8296490200694,1,15.2807771482707,60.075768256094,74.6525894599936,1,14.5768212038997,70.3720530551266,63.2948792451379,80.2017139783224,16.9068347331844,1,11.4477714643447,0.44370831760961
"257",57,10,0.5,53.9363781878674,75.0554938884206,1,21.1191157005532,54.5164530518299,76.2269787484489,1,21.7105256966189,69.4982903912472,62.9992929927293,75.8488297130555,12.8495367203262,1,11.0547040245398,0.603569967094341
"258",58,10,0.5,64.8170793145035,73.6612748378664,1,8.84419552336288,64.88239241621,73.2960071909819,1,8.41361477477184,70.037763694815,62.4836960868461,78.8175875236776,16.3338914368315,1,11.70096018349,0.39391910152751
"259",59,10,0.5,62.2169494020797,72.276620590443,1,10.0596711883632,62.4950714939739,72.6636030252679,1,10.168531531294,70.6120778607327,63.7568069145335,78.7163061703503,14.9594992558169,1,13.4068318730894,0.598024664744202
"260",60,10,0.5,55.6245224903629,73.041274979203,1,17.41675248884,56.5552524183309,74.8726660192162,1,18.3174136008853,69.697664898233,62.5531360089106,77.9445788518748,15.3914428429642,1,11.9928522636525,0.479372879126319
"261",61,10,0.5,58.488046492594,73.1429617882129,1,14.6549152956189,58.1236080689847,72.7254116971067,1,14.6018036281219,71.2458636256811,62.1964166455881,80.0419746958529,17.8455580502649,1,14.4553066300213,0.170522677828018
"262",62,10,0.5,56.6102476685607,73.4995371426773,1,16.8892894741166,57.6594897352795,73.7835587233851,1,16.1240689881057,70.0457059709393,63.679826852356,77.3392983424487,13.6594714900927,1,11.9412111866324,0.49452274210871
"263",63,10,0.5,53.7111962005233,66.908585789896,0,13.1973895893727,52.1955497427339,66.0208024502037,0,13.8252527074698,69.7724769761645,63.8327886607299,76.8787859589301,13.0459972982002,1,11.2633262322072,0.579346078424733
"264",64,10,0.5,62.7500212005709,79.1618558537537,1,16.4118346531829,62.0500236444924,79.1067279692508,1,17.0567043247583,71.5056878821544,61.2917823119148,84.8913800096283,23.5995976977134,1,20.2845207332727,0.422649031094962
"265",65,10,0.5,63.595998976316,81.3384806066344,1,17.7424816303184,62.8282807560924,80.5334781985126,1,17.7051974424202,70.5437541940229,63.7780503696067,77.6046471712516,13.8265968016449,1,12.2571997722134,0.526200087231274
"266",66,10,0.5,63.9467648836625,82.2845070653706,1,18.3377421817081,59.9068992077734,80.2999062718357,1,20.3930070640624,70.6956407299036,64.1540587369696,78.3801906115075,14.2261318745379,1,12.6093095750114,0.566062659104559
"267",67,10,0.5,59.6594313164219,69.4750698607953,1,9.81563854437346,60.3996808129783,69.7219431483758,1,9.32226233539746,72.4100935758632,61.2695069890232,81.3644457223952,20.094938733372,1,18.002399398461,0.461044293471181
"268",68,10,0.5,61.6702624379771,76.7226712275264,1,15.0524087895492,61.2835208450736,75.8330185483723,1,14.5494977032987,70.6656420167614,63.0089303720871,78.5349698123597,15.5260394402726,1,13.7901018276485,0.545139903856925
"269",69,10,0.5,58.28322848144,76.9154625755965,1,18.6322340941565,60.6335466804796,78.3027116442707,1,17.6691649637911,74.1628020081573,59.9755888730343,86.6962476785834,26.7206588055491,1,21.5891585058641,0.469425839749526
"270",70,10,0.5,62.318685353923,78.6141820105103,1,16.2954966565873,61.7673159874013,78.1419246546677,1,16.3746086672665,70.1771035856881,62.7143558292726,77.3939117388602,14.6795559095876,1,12.8438255867416,0.473850268864036
"271",71,10,0.5,53.1673645655811,71.7589864381893,1,18.5916218726082,53.2321444213365,72.7162623317496,1,19.4841179104131,70.3270451953543,62.2006261783171,78.2836167183446,16.0829905400275,1,12.8528891757177,0.393498857275797
"272",72,10,0.5,54.0530877811572,70.172516585511,1,16.1194288043539,54.0162954984378,70.5076417767425,1,16.4913462783047,70.0079458214858,62.6986289954228,78.2016015752305,15.5029725798076,1,12.2866483384917,0.401068542000264
"273",73,10,0.5,63.4105012696517,83.085236899718,1,19.6747356300663,65.0123301492455,84.7714432464331,1,19.7591130971876,69.9242100209819,62.2472187640723,77.8530389593331,15.6058201952609,1,12.4458215315478,0.480354477741945
"274",74,10,0.5,56.4674446338409,76.4483973101483,1,19.9809526763074,56.8692606513868,76.6333898256594,1,19.7641291742727,69.6096364422983,63.4631541279149,76.7551926373588,13.2920385094439,1,10.8797425320659,0.468875306812744
"275",75,10,0.5,64.8643975674461,82.1182197410257,1,17.2538221735796,65.5747471930783,81.6457465441112,1,16.0709993510329,70.2021289506391,63.2292684247873,77.3497709807344,14.1205025559471,1,11.794835907678,0.492545736621652
"276",76,10,0.5,53.005691973039,67.457420322219,0,14.45172834918,53.2852897011668,67.1884999482024,0,13.9032102470356,70.5701237390611,61.6854553760867,78.8612539228285,17.1757985467418,1,13.4157658743068,0.366003130276522
"277",77,10,0.5,59.129545878097,70.0136589708966,1,10.8841130927996,58.4739348411879,69.4237372187731,1,10.9498023775852,70.6411100608316,64.0832170708603,77.5721184400539,13.4889013691936,1,13.1757801384086,0.531721026126783
"278",78,10,0.5,59.155501973018,74.1177058043928,1,14.9622038313748,55.1830969895631,72.6018080272338,1,17.4187110376707,69.3868321152469,62.9703410847723,78.2588781917812,15.2885371070089,1,10.0450640819239,0.52057865687018
"279",79,10,0.5,58.5016353821059,78.2302515575162,1,19.7286161754103,59.3798196911056,78.7098170028037,1,19.3299973116981,70.7235853874251,62.2170497672842,79.7076891662586,17.4906393989745,1,14.5342561859329,0.359078350391394
"280",80,10,0.5,56.1911674807949,77.6452833068423,1,21.4541158260474,56.1260712802698,77.8970174794907,1,21.7709461992209,69.6410008805605,60.0781854999926,79.4280635166108,19.3498780166182,1,12.6405916513775,0.483645011440654
"281",81,10,0.5,56.921231071762,73.4536706545531,1,16.5324395827911,57.2785373930276,73.1055256410538,1,15.8269882480262,70.1871514200511,63.6278170091242,77.4269951550495,13.7991781459253,1,11.0782103468096,0.559946975342873
"282",82,10,0.5,62.8581161900026,78.7455202284543,1,15.8874040384517,64.5905435458367,81.3453071070382,1,16.7547635612016,70.1813364316421,63.2197277388371,80.396577728335,17.1768499894978,1,10.6265242462952,0.537638782893729
"283",83,10,0.5,53.0633832454731,68.6871542632089,1,15.6237710177358,53.159914014978,68.5959462905045,1,15.4360322755265,70.8602559814575,63.3421327388323,80.5835148630337,17.2413821242014,1,12.3157725390127,0.522812308211427
"284",84,10,0.5,59.2461112631988,71.0001989488139,1,11.7540876856151,58.9840945437293,70.8997872328211,1,11.9156926890918,69.3348544492589,61.0939083947133,77.0463565785861,15.9524481838728,1,11.4045631300194,0.352749480959064
"285",85,10,0.5,50.514051496668,71.795410129222,1,21.281358632554,49.2175771519756,70.8427267454901,1,21.6251495935145,70.2997860559881,63.0534066548271,76.9844017227439,13.9309950679168,1,12.5665515555278,0.501507893146713
"286",86,10,0.5,60.0464969115263,65.1365475111848,0,5.0900505996585,60.0753492450329,65.2092035998151,0,5.13385435478224,69.9102099578491,62.7738679713791,78.5995414103616,15.8256734389825,1,11.8841883839706,0.527025499563131
"287",87,10,0.5,57.0548734543901,71.824930969502,1,14.770057515112,56.4470605074659,71.6652505195784,1,15.2181900121125,70.3254848871675,61.4195045019345,80.0899067812953,18.6704022793608,1,13.0259257407351,0.527292825444316
"288",88,10,0.5,56.2747919354869,75.8673983866847,1,19.5926064511978,58.4480224544874,77.8813844119243,1,19.4333619574368,71.1280510417548,62.3074828910114,82.126724572892,19.8192416818805,1,15.204633812846,0.425736530235847
"289",89,10,0.5,62.3111996597061,81.667805832426,1,19.3566061727199,64.0454053625397,86.0711633771309,1,22.0257580145912,70.8810892896871,64.1680473658827,77.99543396732,13.8273866014373,1,12.1093413811982,0.438428056868423
"290",90,10,0.5,59.4563965901954,74.2483096173178,1,14.7919130271224,61.0977604949769,76.3425176729986,1,15.2447571780217,70.4058352172225,62.6156680618429,77.8893190285091,15.2736509666662,1,13.4333428139236,0.399081910135016
"291",91,10,0.5,63.0825456893637,78.9716704637989,1,15.8891247744352,63.4751816410191,80.1862222708005,1,16.7110406297814,70.871417344861,61.4339963656456,80.0163022921753,18.5823059265297,1,15.8801964428826,0.259196159478175
"292",92,10,0.5,62.4255721297417,81.015082875642,1,18.5895107459002,59.8009412864386,79.4065028985915,1,19.6055616121529,70.8694013826256,61.3963999985984,86.3544793254161,24.9580793268177,1,13.9162679794857,0.320053160022142
"293",93,10,0.5,69.323729856876,79.923518130492,0,10.599788273616,66.4744235730321,78.6001830535447,1,12.1257594805126,69.3938491015971,62.7953643110652,78.4212493821993,15.625885071134,1,10.5226853873055,0.516973657945015
"294",94,10,0.5,56.0846339290994,71.4141159799665,1,15.3294820508671,56.0933962659468,71.7180420924424,1,15.6246458264956,70.344822484566,63.3913266592381,76.7138124285501,13.322485769312,1,11.678611885481,0.602887328549842
"295",95,10,0.5,60.926797742603,72.4541939773287,1,11.5273962347258,59.9776719815587,71.6779877356663,1,11.7003157541076,70.8099556120221,64.1172184594237,80.2003831344767,16.083164675053,1,12.7280892210988,0.542638249511735
"296",96,10,0.5,60.6145794468447,76.2467229804665,1,15.6321435336218,61.6921224935507,76.2369414257337,1,14.5448189321831,68.9485949532973,63.2852868154307,75.0467994655803,11.7615126501496,1,9.88511340919376,0.536636335001526
"297",97,10,0.5,57.1116589187154,77.4096694923806,1,20.2980105736651,56.6487311605559,77.4887353847324,1,20.8400042241764,73.938943217817,61.3286629350323,85.2375088478191,23.9088459127868,1,19.8829348869512,0.357641517325441
"298",98,10,0.5,53.5239358539809,67.7249110660232,1,14.2009752120424,53.1144431048783,67.1378841794315,0,14.0234410745532,70.5624881358227,61.7656643357006,79.5751132144514,17.8094488787508,1,12.7905369971649,0.519976434825176
"299",99,10,0.5,69.8618751592606,84.9757098635882,0,15.1138347043276,70.6177088205788,85.6360841871429,0,15.0183753665641,69.574964208587,63.6396936552777,79.3574394490055,15.7177457937278,1,11.680766907055,0.463945958559142
"300",100,10,0.5,61.5585346771555,75.9695868329411,1,14.4110521557856,59.647326788485,74.6180564926471,1,14.9707297041622,72.3458804368862,63.1944522510225,81.1363988203272,17.9419465693047,1,16.4010115112164,0.411960499960749
"301",1,10,0.9,55.9417920615119,72.0620165534804,1,16.1202244919685,56.330596548257,73.8572634750612,1,17.5266669268042,70.6609077812825,62.5478877212467,79.1861182946116,16.6382305733649,1,15.0635574542239,0.429753968748956
"302",2,10,0.9,56.9851544644835,70.3431864582764,1,13.3580319937929,58.8144028567906,73.448139100492,1,14.6337362437014,71.2579561552779,62.2000894529427,79.8169554990225,17.6168660460799,1,15.773493682267,0.393343752353443
"303",3,10,0.9,61.9933836318044,77.6795986103649,1,15.6862149785605,62.7724433942386,79.0277396026159,1,16.2552962083773,69.0062542047618,62.3398156952386,76.4928675144913,14.1530518192527,1,10.5758348748471,0.564764347989136
"304",4,10,0.9,60.341536016588,74.2069283041074,1,13.8653922875193,61.3941337990974,74.9439288909115,1,13.5497950918141,69.4631854427392,62.6498955077923,76.0236256769918,13.3737301691996,1,10.8363891437922,0.535757218883823
"305",5,10,0.9,65.4284699648836,82.7246060459591,1,17.2961360810755,64.5604206883733,82.5813239705252,1,18.020903282152,71.5958369783586,62.6573709012871,88.8201980461788,26.1628271448917,1,14.2902104735096,0.596031530439657
"306",6,10,0.9,59.1644539153337,78.976794626494,1,19.8123407111603,59.9912282611769,82.0404537200311,1,22.0492254588542,69.891604242021,63.239828653625,76.6714995922112,13.4316709385862,1,11.0299818471133,0.382879012338593
"307",7,10,0.9,60.670462438294,77.1899532918951,1,16.5194908536011,61.4486441611187,76.8425886668071,1,15.3939445056884,69.8659164785486,63.2852479142283,76.6554690909683,13.37022117674,1,11.9900028206518,0.425748598675935
"308",8,10,0.9,58.111950584671,81.0245051264162,1,22.9125545417452,59.2850331267029,81.7194443972597,1,22.4344112705569,69.9824804751691,64.4054905319094,76.2866020268526,11.8811114949432,1,10.7754253824057,0.492543697835698
"309",9,10,0.9,57.3225359560278,73.9917573609461,1,16.6692214049183,59.0990268948928,75.8156244064972,1,16.7165975116044,69.5756337011794,63.1697938668756,76.0052905647312,12.8354966978555,1,11.085926966033,0.514230296097122
"310",10,10,0.9,58.6442173742349,76.1387883897926,1,17.4945710155577,60.2227999401818,76.5362816219205,1,16.3134816817387,69.4758138599921,63.8259777416038,75.8122452504203,11.9862675088165,1,9.85577604695062,0.547689891101039
"311",11,10,0.9,57.1140691482357,71.0467688427588,1,13.9326996945231,59.45364592443,75.7909920930951,1,16.3373461686651,70.7961028448751,63.0457641058178,82.2267810581754,19.1810169523576,1,13.1489324182235,0.543632764844329
"312",12,10,0.9,62.6903429564061,76.3216456466763,1,13.6313026902702,62.6526378012397,76.1739108154236,1,13.5212730141838,69.0793327994646,63.0898038892869,75.9474304308412,12.8576265415543,1,9.93113530290629,0.539601582949248
"313",13,10,0.9,57.393734641906,66.7528456591042,0,9.35911101719819,58.4435796525194,68.2251662985318,1,9.78158664601239,70.2215050113864,63.8431440079838,76.7236768472781,12.8805328392942,1,11.7127906264476,0.58040290983638
"314",14,10,0.9,59.3432251648263,69.9299288930394,1,10.5867037282132,56.6109194683812,68.2332935085651,1,11.6223740401839,70.3810022577161,63.031696403489,79.6723775923101,16.6406811888211,1,13.8986059768151,0.57094020027042
"315",15,10,0.9,69.3729097667923,81.2134906886379,0,11.8405809218456,69.8658754881898,82.0225817576306,0,12.1567062694408,69.9837318779959,62.7142792342759,77.4616290021255,14.7473497678496,1,12.9798987374769,0.485266268856887
"316",16,10,0.9,64.4668580522517,84.7806814006524,1,20.3138233484007,65.8892317702437,86.5192703921876,1,20.630038621944,70.3088166642618,63.2947162765263,77.9779571185666,14.6832408420403,1,11.8371932525396,0.504481149934833
"317",17,10,0.9,59.2172794873801,76.3695466918991,1,17.152267204519,61.4038287767486,80.0336270923396,1,18.629798315591,69.9918451100584,63.5056783415903,77.9670243551891,14.4613460135988,1,11.2577839897927,0.410448489079926
"318",18,10,0.9,58.2728318320363,68.9842532005961,1,10.7114213685599,59.5960146617973,71.9218104238345,1,12.3257957620372,72.1442231581785,59.9123988830283,83.1321640206265,23.2197651375983,1,19.1263122949688,0.526764747678124
"319",19,10,0.9,69.7452336528694,83.5795987411247,0,13.8343650882553,71.3752279264137,86.4841821849531,0,15.1089542585394,69.8973657479653,63.5481042931739,79.2247429163797,15.6766386232058,1,12.1478479915445,0.600902346570569
"320",20,10,0.9,63.1751574451368,73.123522156341,1,9.94836471120411,63.6353652320806,73.0385256591741,1,9.40316042709352,70.2138563467352,64.3641231669206,77.5283384337477,13.1642152668272,1,11.7746916389481,0.387951561193029
"321",21,10,0.9,56.3340625898937,73.2319772559202,1,16.8979146660266,57.0609279276782,72.9946765832835,1,15.9337486556053,71.216488458077,62.7799174597331,79.4306160285243,16.6506985687912,1,13.5723420150784,0.527536876479854
"322",22,10,0.9,58.1114613872843,76.1597832015137,1,18.0483218142295,59.3605866911508,76.3729984483736,1,17.0124117572228,70.2804412178366,63.7607420729896,78.9502280832176,15.1894860102281,1,12.7650822145537,0.452145286397922
"323",23,10,0.9,55.9524806402626,65.4994910284482,0,9.54701038818563,57.1691333084272,68.0499322934962,1,10.880798985069,70.4326958819606,63.2651881263184,77.3359740217659,14.0707858954475,1,11.7385617481996,0.513159786715506
"324",24,10,0.9,59.0548214990759,73.7478197380603,1,14.6929982389844,60.3351599626293,74.9352548890891,1,14.6000949264598,70.2271313689982,63.0849482060275,78.4778521310754,15.3929039250479,1,11.5100409564681,0.379860819821452
"325",25,10,0.9,55.7611239649329,74.9388396106587,1,19.1777156457258,57.3904035121057,77.4185049652832,1,20.0281014531775,70.8848091145642,62.1132513699254,79.5241835831218,17.4109322131964,1,13.2451076696175,0.504998035643186
"326",26,10,0.9,55.029657244819,74.319159638812,1,19.289502393993,58.5869800471625,84.7598224439675,1,26.1728423968051,70.4905422094684,62.5914577519521,78.3416529981417,15.7501952461896,1,13.0737147046215,0.617033370689935
"327",27,10,0.9,61.0534647852253,73.9104185274166,1,12.8569537421913,62.9489713859332,76.0827661612143,1,13.1337947752811,70.3205019728458,62.4699802798012,81.9849726060732,19.514992326272,1,13.9691282906746,0.46870830277631
"328",28,10,0.9,58.150375778037,67.2529772742997,0,9.10260149626275,59.6549411855195,69.3711482326809,1,9.71620704716139,70.4759359754209,63.0245009432719,77.8683040513954,14.8438031081235,1,12.8180783691181,0.529331961254772
"329",29,10,0.9,56.4016807180171,71.6859035450004,1,15.2842228269833,58.0651467497695,74.8417288350467,1,16.7765820852772,70.3070479213695,62.9309136319327,77.5515021021222,14.6205884701895,1,12.2431306271272,0.478948873724764
"330",30,10,0.9,62.8676056068689,83.8640156952163,1,20.9964100883474,62.8037040092753,82.9186064544869,1,20.1149024452116,70.8381759208797,61.7336241642355,78.6085428167079,16.8749186524725,1,14.3050981120694,0.557561168609466
"331",31,10,0.9,62.6658478103178,69.1277502299213,1,6.46190241960355,63.3839223327338,70.0505550887588,1,6.66663275602501,70.4830757592407,62.6218737741597,77.9524234449425,15.3305496707828,1,12.2779270317632,0.574695701470782
"332",32,10,0.9,54.6832147668461,66.7147145596865,0,12.0314997928404,54.3780323525721,66.5990506901227,0,12.2210183375505,69.1769790606964,63.0469353051589,76.1847861641259,13.137850858967,1,11.1771816214742,0.513087833804144
"333",33,10,0.9,60.1546163143868,76.5928610844281,1,16.4382447700413,61.3363391372105,77.4850708482593,1,16.1487317110488,69.2811574558239,63.1513662076043,77.2102553675515,14.0588891599472,1,10.7610814911274,0.566152805218767
"334",34,10,0.9,59.9733756355857,77.7215973974331,1,17.7482217618474,62.8977732848328,84.6302625046085,1,21.7324892197757,71.2664900084241,58.4397351497935,85.2832146614203,26.8434795116267,1,20.4503968685659,0.529676871812044
"335",35,10,0.9,56.0478047159204,68.4336974732517,1,12.3858927573313,56.4311158274743,68.937665395713,1,12.5065495682387,73.3423418191402,58.802720665494,87.1480954318537,28.3453747663597,1,19.3799078522407,0.538424558803562
"336",36,10,0.9,63.2761448319514,76.3531938157021,1,13.0770489837507,62.9407360465224,76.3109726439161,1,13.3702365973937,69.2947117896967,63.2494011488143,75.7347532158871,12.4853520670728,1,10.5905754790291,0.566268918019189
"337",37,10,0.9,58.7339795026284,75.2654030077511,1,16.5314235051228,60.3769766674946,79.8210607031087,1,19.4440840356141,69.7664712449095,63.0036738322446,77.5756528828224,14.5719790505779,1,11.1099219468239,0.525290883207589
"338",38,10,0.9,57.7416849378277,68.2250040122898,1,10.4833190744621,58.4655421427522,69.8704975589443,1,11.4049554161921,69.9593258591015,63.79342017893,79.234444441306,15.441024262376,1,11.3930482523114,0.536919482479441
"339",39,10,0.9,59.7874868056684,73.0415856611206,1,13.2540988554522,59.8437876049176,72.3009921659659,1,12.4572045610483,70.1407322540149,63.6868318550409,77.2408676131876,13.5540357581467,1,11.1786989566968,0.439763825050248
"340",40,10,0.9,57.3797136408036,75.8881018309339,1,18.5083881901303,59.0857467005305,77.4810638766864,1,18.3953171761558,70.6242474689855,64.1307182335361,78.265101651762,14.1343834182259,1,12.1640039142734,0.491267834799367
"341",41,10,0.9,60.4839773788637,75.8176604555117,1,15.333683076648,60.8299513230381,75.3674285996367,1,14.5374772765986,69.6556537371589,63.1402766842198,77.5351618091433,14.3948851249234,1,11.2893543173079,0.469215154017293
"342",42,10,0.9,58.0563084868279,74.2689680558272,1,16.2126595689993,59.1909103100218,75.8913916498964,1,16.7004813398747,70.5621866037318,61.257008801574,79.5941593349611,18.3371505333872,1,14.8761294309319,0.475025841171991
"343",43,10,0.9,55.3855907612587,73.2548134894549,1,17.8692227281962,57.7836671851492,78.5749930721932,1,20.791325887044,70.2419390180345,62.8673130051921,78.3955491652497,15.5282361600577,1,12.0203593148799,0.506547789136686
"344",44,10,0.9,60.4240261913314,81.2036881308228,1,20.7796619394914,62.1253583464054,82.815763736245,1,20.6904053898396,70.1516081767511,59.402652976287,80.7815063472313,21.3788533709442,1,15.5261846598278,0.32236739037645
"345",45,10,0.9,60.0032273308684,72.4207739089409,1,12.4175465780725,60.1438153920833,72.0386263505099,1,11.8948109584266,69.6029900643702,62.8092493037114,76.8017445293542,13.9924952256428,1,10.7678054220182,0.525577374320147
"346",46,10,0.9,58.7715141042291,70.8120346398989,1,12.0405205356698,58.5452276253202,69.5339629395822,1,10.988735314262,70.7594887414846,63.2558164629909,78.2082747877942,14.9524583248033,1,12.369793026247,0.445953823754426
"347",47,10,0.9,54.8439595552338,66.9190150333768,0,12.0750554781429,55.9178515746409,67.1649559574675,0,11.2471043828266,73.0716735685096,62.0998799958727,83.9535821515702,21.8537021556975,1,18.3887660795843,0.633260347001801
"348",48,10,0.9,56.9862011819662,73.0385104757725,1,16.0523092938063,58.6501095931532,75.745190439027,1,17.0950808458738,70.9241419206785,62.5961949956912,81.5703195028112,18.97412450712,1,13.6346689378358,0.475151157648673
"349",49,10,0.9,56.9632136604175,65.5993631789126,0,8.63614951849505,57.786325721365,66.3931559679275,0,8.60683024656246,70.1330372159827,62.9172277564171,78.727884792487,15.8106570360699,1,12.2833292569302,0.525109935762076
"350",50,10,0.9,56.1180108068903,69.0177424312879,1,12.8997316243977,57.7179902414347,71.8094984350753,1,14.0915081936406,70.9834221311744,60.492227356539,79.0302025896647,18.5379752331256,1,14.6326604338819,0.452268446720952
"351",51,10,0.9,58.2872200231011,80.5972656507282,1,22.3100456276271,60.2474279561715,82.8757099467491,1,22.6282819905776,70.7922309441616,63.9142571494536,77.6447604054413,13.7305032559877,1,13.0692665164353,0.561256983493749
"352",52,10,0.9,63.6312788188737,81.3992305744022,1,17.7679517555284,63.9079021541501,81.1184339834978,1,17.2105318293477,71.2787129577816,60.5437005579753,80.4129359352117,19.8692353772364,1,14.8772994090825,0.450574400146788
"353",53,10,0.9,58.0042303067613,75.6922230728406,1,17.6879927660793,58.2670455251945,77.3569637002864,1,19.0899181750919,69.5306053508514,63.2403263998958,76.7331613118092,13.4928349119133,1,11.4114518591119,0.506803459419642
"354",54,10,0.9,59.4519662340273,70.9505182604447,1,11.4985520264174,59.7585074899011,70.8575143979116,1,11.0990069080105,70.4685366760455,63.3888933546977,81.573400474423,18.1845071197253,1,12.8425219129503,0.52913648681713
"355",55,10,0.9,57.3325495911719,78.4772732118696,1,21.1447236206977,60.0661863532526,83.5364769006702,1,23.4702905474176,70.0469464134751,63.6363098799728,79.2453768960471,15.6090670160744,1,11.4031363585067,0.534712459417672
"356",56,10,0.9,60.37952562857,83.0217441557652,1,22.6422185271952,62.5181133066949,85.0845343584213,1,22.5664210517263,70.7246587903341,63.4686097876793,79.0402272880522,15.5716175003729,1,11.9895977971516,0.643531858253314
"357",57,10,0.9,58.9100934344376,72.4795958851463,1,13.5695024507087,60.2215548954818,73.7643140466342,1,13.5427591511524,70.9843080740824,61.675944724267,78.7141780591595,17.0382333348926,1,13.3750832031779,0.307202548059597
"358",58,10,0.9,60.4718854118001,81.1096447984447,1,20.6377593866446,62.0964566489539,83.0557086090271,1,20.9592519600732,70.299291021391,63.9253423891448,77.5052881304019,13.5799457412572,1,11.8174704997668,0.480160278491247
"359",59,10,0.9,56.9282777571317,74.1751963286212,1,17.2469185714895,59.0897594234222,76.4247862736307,1,17.3350268502085,71.1289506532406,63.2907801566572,78.9291987294494,15.6384185727921,1,14.3968469730718,0.534687940640572
"360",60,10,0.9,54.483727037039,75.2497516141564,1,20.7660245771174,57.3355768222777,79.223262917192,1,21.8876860949143,71.1139964568041,63.234838338295,79.4095311814383,16.1746928431433,1,15.6271277624308,0.567594651149459
"361",61,10,0.9,61.8257889938419,71.2091664729888,1,9.38337747914693,62.5808185199151,72.3914513770364,1,9.81063285712131,70.2387646095121,63.5239582650593,77.1820210714455,13.6580628063862,1,12.4039220457138,0.342205308617853
"362",62,10,0.9,53.1089280588775,68.5557465372153,1,15.4468184783378,54.9644152018314,71.7899210179517,1,16.8255058161203,69.7692458800681,63.1542737418731,77.5840390065271,14.429765264654,1,12.2284754406058,0.422713639213946
"363",63,10,0.9,59.9827768409341,69.7359922454045,1,9.7532154044705,59.9520131675538,69.4294901290153,1,9.47747696146155,70.421217536278,62.9755683782798,78.5138446959674,15.5382763176876,1,12.1892587872365,0.39193336107723
"364",64,10,0.9,62.7453156941004,80.9501402010766,1,18.2048245069762,62.4809442722224,80.6280324468088,1,18.1470881745864,70.5972788519281,63.2163445353864,81.5271048036683,18.3107602682819,1,12.830324534799,0.476362207387978
"365",65,10,0.9,59.6869469761433,74.5062715014676,1,14.8193245253243,60.0168935293668,74.1546235893768,1,14.13773006001,69.7552559174021,60.4984528202668,77.1820825427594,16.6836297224926,1,12.8144026913321,0.576919788988424
"366",66,10,0.9,63.063058696833,80.3040862575333,1,17.2410275607003,64.6892282225754,83.1722042038957,1,18.4829759813203,70.457503513729,60.7533219050294,80.3561809305726,19.6028590255432,1,14.8925876476653,0.47817865702729
"367",67,10,0.9,63.3607481161293,83.0411670473454,1,19.6804189312161,66.0136342734701,89.1237427954281,1,23.110108521958,71.1928558341388,63.6686095084646,80.0456202318365,16.377010723372,1,13.510775952041,0.474440015659869
"368",68,10,0.9,52.8428347534949,65.2299616095327,0,12.3871268560378,52.6914496776369,65.3382616672035,0,12.6468119895666,70.1063109590562,63.9296159398999,79.017429104583,15.0878131646831,1,11.7028591343206,0.656728558909531
"369",69,10,0.9,56.9139703394145,72.3051984316146,1,15.3912280922001,57.5678990394397,72.333283674469,1,14.7653846350293,71.2032694873843,63.3133737205917,79.1282509322101,15.8148772116184,1,12.6109633735008,0.616619979480139
"370",70,10,0.9,58.7933691528557,72.3001598426557,1,13.5067906898,60.3389037564292,73.8107734304411,1,13.4718696740118,70.8105749842453,63.7522405870953,77.99382637314,14.2415857860447,1,13.5900068052572,0.47052876498497
"371",71,10,0.9,61.0760531723114,76.8304368674621,1,15.7543836951507,62.1224205753471,77.8463127789681,1,15.723892203621,70.1179181435737,62.7418255879892,78.372152882441,15.6303272944518,1,12.3832589119914,0.370405066730633
"372",72,10,0.9,63.9799836061362,85.1012666835349,1,21.1212830773987,64.3378461946126,85.7428095786697,1,21.404963384057,71.2723416625056,62.6980440435665,82.3499564668705,19.651912423304,1,15.5256686764773,0.460368356693782
"373",73,10,0.9,53.4230883298514,71.2210922028839,1,17.7980038730325,55.8728544972059,74.86395512289,1,18.9911006256841,70.3429850161916,62.0418467773834,80.0036385839733,17.9617918065899,1,17.2944785873071,0.324581737571638
"374",74,10,0.9,62.2882351250688,76.6341019225599,1,14.3458667974911,63.3980842455973,77.6200223446394,1,14.221938099042,70.3365902355568,61.2680469480089,80.1416728339394,18.8736258859304,1,15.2107863620647,0.516017070834564
"375",75,10,0.9,61.3008413636343,80.1781925130291,1,18.8773511493948,62.7870379801247,81.7133833844576,1,18.9263454043329,70.310575861903,63.1152638984115,78.523603411973,15.4083395135615,1,11.5274958339748,0.427565798451766
"376",76,10,0.9,58.4799092087298,72.8811561961321,1,14.4012469874023,59.1250200194954,75.0703235363098,1,15.9453035168145,71.6904954752935,62.3969497320256,80.9560079034565,18.5590581714309,1,16.2562181886885,0.316744818524938
"377",77,10,0.9,60.6104367954917,72.8976500743882,1,12.2872132788965,61.4916348622287,73.403281729246,1,11.9116468670174,71.5979075188766,62.2427670575552,88.7912849056636,26.5485178481084,1,16.415042395071,0.529581339462957
"378",78,10,0.9,65.9442495623706,78.2367326527316,1,12.2924830903611,66.4679145422205,78.7967817567495,1,12.328867214529,69.8893018797342,61.1230793732357,79.4008157128786,18.2777363396429,1,14.5107028112757,0.0842709316631531
"379",79,10,0.9,58.6240103119484,75.2187829133818,1,16.5947726014334,60.4023839762457,76.9830739974373,1,16.5806900211916,70.4052218648122,63.0416057187601,79.4999904277924,16.4583847090323,1,12.144831892721,0.502050646500101
"380",80,10,0.9,57.2383624454844,71.3772865713169,1,14.1389241258325,58.0919749826691,72.9458145580568,1,14.8538395753877,71.2638994880349,63.7374172806456,81.7066486478626,17.969231367217,1,13.7412487287866,0.506681691720319
"381",81,10,0.9,59.7590434767172,75.7526410012874,1,15.9935975245702,59.8685318529225,75.2544219516637,1,15.3858900987412,70.1040872102692,62.7671922390492,77.5887293129142,14.821537073865,1,13.2543455731311,0.26761626881683
"382",82,10,0.9,58.4001428130172,72.765092683861,1,14.3649498708438,59.342010995537,73.7655018713745,1,14.4234908758375,70.0674534314598,63.9495599304116,77.6563012194598,13.7067412890482,1,12.0602845015318,0.424647049976061
"383",83,10,0.9,54.9905548599009,72.9304654383834,1,17.9399105784824,57.0054823496248,78.9433344223773,1,21.9378520727526,69.6795190833724,61.1541646745824,78.9387483202553,17.7845836456729,1,14.0135046075077,0.49241528057873
"384",84,10,0.9,62.8482314441723,83.8549957575556,1,21.0067643133833,64.3044138567533,85.4004585577141,1,21.0960447009608,70.3980294432783,63.9237437174594,76.9334467964324,13.0097030789731,1,11.3035064924063,0.525032593352815
"385",85,10,0.9,63.4336413976599,73.2274501146414,1,9.79380871698152,62.4270382264068,72.2494859897142,1,9.82244776330749,69.5459060291236,62.9817161378569,76.158081097367,13.1763649595101,1,11.7108632122737,0.532251538610318
"386",86,10,0.9,64.5686235383464,75.9938550864337,1,11.4252315480873,64.300666495258,75.6220144949996,1,11.3213479997416,69.9610409686307,60.5024163345132,82.7004150616619,22.1979987271487,1,19.2930939283192,0.00609356011827589
"387",87,10,0.9,61.7622457225085,74.1529008215292,1,12.3906550990207,62.1251943281434,74.6079229423423,1,12.4827286141989,69.5457693368203,63.2051926349619,76.3762388972767,13.1710462623148,1,10.8661066147371,0.57318044952235
"388",88,10,0.9,58.2802445447194,74.3978556645352,1,16.1176111198158,58.2575450958851,74.541125992623,1,16.2835808967379,69.7311113647354,62.5550433980555,76.6388076633258,14.0837642652703,1,12.62514171492,0.631137692869552
"389",89,10,0.9,62.4504053081979,76.6983160973617,1,14.2479107891639,63.8182176796099,77.643721802123,1,13.8255041225131,69.512530794436,63.922775250659,75.2786749048011,11.3558996541421,1,10.681162348099,0.569488800828266
"390",90,10,0.9,59.0449423379919,72.7508081681924,1,13.7058658302005,58.7250729040818,72.291848335149,1,13.5667754310672,71.3848629866936,57.9058913130961,82.3730123884792,24.4671210753831,1,19.7940434021263,0.222065646282252
"391",91,10,0.9,56.5419342527674,71.2750519095831,1,14.7331176568157,56.7273419090216,71.7028839592184,1,14.9755420501967,70.1756835773143,61.3880343520823,78.7561159950588,17.3680816429765,1,13.4308604823373,0.502287693531218
"392",92,10,0.9,61.1202294937931,78.5636891664386,1,17.4434596726455,62.0949560505367,80.5600006914053,1,18.4650446408686,70.0649784383178,61.3743691108011,80.1670705652675,18.7927014544664,1,14.4031850851046,0.450478076932147
"393",93,10,0.9,58.7888750002039,78.4152981266693,1,19.6264231264653,60.1068056420766,79.4214414659241,1,19.3146358238476,69.8202449128132,62.6451070852129,77.5133216533215,14.8682145681086,1,11.9145911990886,0.497673413280483
"394",94,10,0.9,64.3453152881834,78.4605929940682,1,14.1152777058847,64.5630237321263,78.2535290765925,1,13.6905053444662,69.7822784144,62.8612827095167,77.257607511197,14.3963248016803,1,12.2914503852602,0.519577244927549
"395",95,10,0.9,58.7105021478748,73.3078840023542,1,14.5973818544794,60.2665808561503,75.5917746031484,1,15.3251937469981,70.0146803134113,63.083288079562,78.9573096546046,15.8740215750426,1,13.0033955057731,0.536603856359685
"396",96,10,0.9,61.3272987004772,80.4372810337789,1,19.1099823333017,61.9114628375532,80.4065506177616,1,18.4950877802084,69.8004723244342,63.0730919519943,77.6853296517195,14.6122376997252,1,11.4654629051344,0.531978319380155
"397",97,10,0.9,57.2084903745533,77.3552925801889,1,20.1468022056357,58.210990525909,78.8639013980614,1,20.6529108721524,70.4434575300487,62.6124685220891,77.9173419481578,15.3048734260687,1,12.2892523313861,0.514240771749695
"398",98,10,0.9,63.9758328272767,78.8270189087869,1,14.8511860815102,64.5111475506724,79.1948917111788,1,14.6837441605065,70.2639575852024,56.7969961365357,85.1626131285899,28.3656169920542,1,20.0624576420883,0.237647039836781
"399",99,10,0.9,61.119930095254,78.3662793150132,1,17.2463492197593,62.4255242760227,80.5475263780875,1,18.1220021020648,70.4317519807371,63.143879457581,78.4302391162745,15.2863596586936,1,12.5223147668781,0.611227888959574
"400",100,10,0.9,60.1699759606942,72.2007484079643,1,12.0307724472701,60.0890727501434,71.697198629629,1,11.6081258794856,70.8495128851966,63.7875680054918,79.342813018473,15.5552450129812,1,12.4303865568778,0.615428775970338
