,trial,mean1,mean2,median.sampsmu1,lb.mu1,ub.mu1,width.mu1,cover.mu1,median.samps.mu2,lb.mu2,ub.mu2,width.mu2,cover.mu2,perc.correct,lb.tdist,ub.tdist,width.tdist,cover.tdist.mean1,cover.tdist.mean2,lb.bca.exp,ub.bca.exp,width.bca.exp,cover.bca.exp.mean1,cover.bca.exp.mean2,muprior1,muprior2
1,1,40,70,54.56424423,45.25494578,63.1547564,17.89981063,0,73.96177803,68.49919657,80.27991951,11.78072295,1,0.68,62.99696703,73.43544,10.43847297,0,1,61.27762306,72.37323513,11.09561207,0,1,50,80
2,2,40,70,55.84115826,48.7415297,62.14243905,13.40090935,0,74.40668667,67.83006726,80.56874931,12.73868205,1,0.68,63.85080751,73.30335809,9.452550579,0,1,63.55459375,72.85693717,9.302343418,0,1,50,80
3,3,40,70,61.41015544,53.05258918,69.09657238,16.0439832,0,76.31449917,70.56603038,82.54255234,11.97652196,0,0.76,69.45700784,76.54456197,7.087554128,0,1,69.7398602,76.93986829,7.200008092,0,1,50,80
4,4,40,70,54.95865793,46.83516553,61.66387169,14.82870616,0,74.12999356,68.62774215,80.14686237,11.51912021,1,0.64,61.98793235,72.46169221,10.47375986,0,1,60.57344933,71.95592392,11.38247459,0,1,50,80
5,5,40,70,53.00269792,43.44229852,60.49077459,17.04847607,0,75.70554068,70.76990483,81.72900168,10.95909685,0,0.76,64.16453058,75.01471126,10.85018068,0,1,62.67592059,74.10990069,11.4339801,0,1,50,80
6,6,40,70,52.2056557,44.7478614,58.55326856,13.80540717,0,75.58162868,69.59324934,82.74406445,13.15081511,1,0.6,61.24616525,73.36458657,12.11842131,0,1,60.08345307,72.80848826,12.72503518,0,1,50,80
7,7,40,70,59.63035293,50.21132601,66.76372756,16.55240154,0,77.35563626,71.36616589,83.47728951,12.11112361,0,0.8,69.34156595,77.55722091,8.215654959,0,1,69.39151951,77.55589743,8.164377914,0,1,50,80
8,8,40,70,54.40816655,47.34549342,61.30140193,13.95590851,0,78.1419015,72.00899454,84.77067989,12.76168535,0,0.64,63.88562026,75.73320021,11.84757995,0,1,63.73383797,75.52481126,11.79097329,0,1,50,80
9,9,40,70,58.52457462,50.4638866,65.30397256,14.84008596,0,77.94086831,72.18880278,83.99016448,11.8013617,0,0.72,68.25615915,77.39755598,9.14139683,0,1,67.90171599,77.68288965,9.781173659,0,1,50,80
10,10,40,70,53.0927592,43.19333673,60.1976349,17.00429816,0,74.85476057,69.76696385,80.58495206,10.81798821,1,0.68,63.09638582,74.2724346,11.17604878,0,1,61.20843057,73.84334004,12.63490948,0,1,50,80
11,11,40,70,55.58364974,46.94593719,62.16139066,15.21545347,0,76.85885744,71.18471712,83.16152121,11.97680409,0,0.68,63.88564314,74.53168159,10.64603845,0,1,63.50423621,73.97384792,10.46961171,0,1,50,80
12,12,40,70,58.38613456,50.47659741,65.35005935,14.87346195,0,79.61648933,74.31810875,85.29124585,10.97313709,0,0.76,70.17040976,79.33429125,9.163881487,0,0,69.80750803,78.96321098,9.155702949,0,1,50,80
13,13,40,70,60.17907313,51.66119786,66.28442532,14.62322746,0,76.81910536,70.83321403,84.10393166,13.27071763,0,0.52,66.80737206,75.52148139,8.714109331,0,1,67.18526804,75.40751524,8.222247199,0,1,50,80
14,14,40,70,53.92367691,48.04377974,60.60039858,12.55661884,0,74.27591538,67.77612289,80.27475264,12.49862975,1,0.64,59.9851945,70.94893753,10.96374303,0,1,59.22446834,70.48946563,11.26499729,0,1,50,80
15,15,40,70,52.66188965,44.84719066,59.57149881,14.72430815,0,75.65555837,69.85766914,82.42757138,12.56990224,1,0.76,62.81082488,74.20187084,11.39104596,0,1,61.59483982,73.19146717,11.59662735,0,1,50,80
16,16,40,70,54.09773085,46.40607839,62.13984923,15.73377085,0,79.57968796,73.21685704,85.92706852,12.71021148,0,0.52,61.88581156,74.83306421,12.94725266,0,1,61.26828502,74.70094239,13.43265737,0,1,50,80
17,17,40,70,56.75950009,47.20111384,63.30311087,16.10199703,0,75.45000919,69.08038998,81.76705357,12.68666359,1,0.72,65.08715709,74.49166205,9.404504968,0,1,64.90993564,74.04693813,9.137002482,0,1,50,80
18,18,40,70,58.2093359,50.71814179,64.76225809,14.0441163,0,75.74243442,69.94132437,81.92803118,11.98670681,1,0.72,66.72507059,75.58804971,8.862979128,0,1,66.7207569,75.44712243,8.726365527,0,1,50,80
19,19,40,70,58.56703538,50.3624749,65.36072857,14.99825367,0,76.91826052,70.22186009,83.7461151,13.52425501,0,0.64,66.07616473,75.70431463,9.628149902,0,1,65.6399566,75.28393774,9.643981139,0,1,50,80
20,20,40,70,54.29835846,47.91620523,60.57257948,12.65637425,0,80.49630991,74.4088578,85.82090752,11.41204972,0,0.64,65.2027279,77.82328312,12.62055522,0,1,63.90485966,77.05607564,13.15121598,0,1,50,80
21,21,40,70,50.67486987,41.23033165,56.97108933,15.74075768,0,74.84168443,68.14698786,80.86950252,12.72251466,1,0.64,58.91880607,71.85062262,12.93181655,0,1,56.54860196,70.75105706,14.2024551,0,1,50,80
22,22,40,70,55.29071587,47.94788446,62.31728292,14.36939846,0,79.39472139,73.33773224,84.81150942,11.47377718,0,0.6,65.00440437,76.87051106,11.86610669,0,1,64.57004518,76.71112034,12.14107516,0,1,50,80
23,23,40,70,49.05008186,41.19026379,55.60305477,14.41279098,0,76.86446656,70.96273393,83.16867366,12.20593974,0,0.72,59.54114241,73.5741726,14.03303019,0,1,57.78893384,72.53920346,14.75026962,0,1,50,80
24,24,40,70,54.84277357,46.23035219,60.478375,14.24802281,0,77.95229399,73.07891119,83.82735499,10.7484438,0,0.72,65.83663333,76.87303662,11.03640329,0,1,65.38089297,76.1532764,10.77238343,0,1,50,80
25,25,40,70,61.04747418,50.705248,68.22039678,17.51514878,0,75.53561119,70.23409963,82.51674692,12.28264729,0,0.76,68.40057279,75.87700243,7.476429645,0,1,67.96597084,75.53655892,7.570588084,0,1,50,80
26,26,40,70,54.24578911,46.2038489,61.47028516,15.26643626,0,79.39773671,74.28405021,85.48219777,11.19814756,0,0.76,66.50546909,78.34420214,11.83873305,0,1,66.23551837,77.7583426,11.52282423,0,1,50,80
27,27,40,70,57.86855137,50.05158421,64.77695682,14.72537261,0,71.53400631,65.25501596,78.01754175,12.76252579,1,0.72,63.15951518,70.61469672,7.455181532,0,1,62.35468509,69.94240797,7.587722885,0,0,50,80
28,28,40,70,57.12939437,50.07567764,62.71829655,12.64261891,0,76.5635668,70.72032484,82.71267435,11.9923495,0,0.6,64.17163332,74.33471089,10.16307757,0,1,64.08611417,73.92774951,9.841635337,0,1,50,80
29,29,40,70,55.56499679,44.72598505,63.89402197,19.16803692,0,74.92328819,69.32532477,82.02056272,12.69523794,1,0.76,64.76298026,74.39263914,9.629658872,0,1,63.88246299,73.7033211,9.820858114,0,1,50,80
30,30,40,70,56.14642838,49.55281632,62.71734887,13.16453255,0,77.87395623,71.90201766,84.10882336,12.20680571,0,0.68,65.85707863,76.4450718,10.58799317,0,1,65.12088702,76.31542718,11.19454016,0,1,50,80
31,31,40,70,56.52746127,48.65771955,64.12961228,15.47189273,0,76.93369434,71.86749285,83.6615765,11.79408365,0,0.84,67.19273715,76.73320354,9.540466391,0,1,67.23218451,76.10107644,8.868891926,0,1,50,80
32,32,40,70,52.58719208,46.70498018,59.55051304,12.84553287,0,75.64807978,70.14196592,82.17433113,12.03236521,0,0.68,61.11203989,72.86803779,11.7559979,0,1,60.51706114,72.54995733,12.0328962,0,1,50,80
33,33,40,70,57.92887048,50.04310815,64.71980857,14.67670042,0,78.5155319,72.35607241,85.04238051,12.6863081,0,0.56,65.83603051,76.55804893,10.72201841,0,1,65.54163392,76.6887537,11.14711978,0,1,50,80
34,34,40,70,60.24513697,53.10030786,67.13349866,14.0331908,0,76.43702168,69.88043328,82.38764787,12.50721458,1,0.6,67.35451022,75.6431611,8.288650873,0,1,67.82451448,76.12507099,8.300556507,0,1,50,80
35,35,40,70,49.86292689,42.52198042,55.85927284,13.33729242,0,76.89766565,71.13130871,83.71812079,12.58681209,0,0.56,58.78760903,72.8636301,14.07602108,0,1,57.23815584,71.7713471,14.53319126,0,1,50,80
36,36,40,70,56.31034868,47.75906106,63.51019505,15.75113398,0,77.71090168,71.83401494,84.54767312,12.71365818,0,0.68,66.27353374,76.45738014,10.1838464,0,1,66.06423522,76.00889386,9.944658633,0,1,50,80
37,37,40,70,55.33470014,46.73359459,61.9818889,15.24829431,0,75.9002827,70.10034641,82.56664255,12.46629614,0,0.64,63.36363803,73.64263503,10.278997,0,1,61.9064742,72.95773948,11.05126527,0,1,50,80
38,38,40,70,59.75229046,52.54088306,67.03688392,14.49600086,0,77.38658903,69.85700158,83.7101891,13.85318752,1,0.64,66.9225668,76.04092428,9.118357478,0,1,66.73972605,75.77728455,9.037558507,0,1,50,80
39,39,40,70,58.16682403,51.21319251,64.36937424,13.15618173,0,72.28919079,65.23185629,78.81936604,13.58750975,1,0.6,62.02304124,70.46736078,8.444319544,0,1,61.9419434,70.2192586,8.277315206,0,1,50,80
40,40,40,70,56.58026951,47.39673395,65.44073199,18.04399804,0,77.69904662,71.67614757,83.21347005,11.53732248,0,0.88,69.2829014,78.06105894,8.778157536,0,1,68.05522765,77.41761042,9.362382773,0,1,50,80
41,41,40,70,59.60664858,52.14028485,66.21378164,14.07349679,0,74.82657629,68.1775708,81.24179458,13.06422378,1,0.64,66.85980078,74.7346711,7.874870324,0,1,66.97635094,75.03711713,8.060766189,0,1,50,80
42,42,40,70,53.37962428,44.37656807,60.90389604,16.52732798,0,76.60658006,70.4594074,83.03191788,12.57251048,0,0.52,61.2585891,73.09748531,11.83889621,0,1,60.69762927,72.76657698,12.06894771,0,1,50,80
43,43,40,70,52.99495273,46.49050551,58.80165669,12.31115118,0,79.71333955,73.49620391,86.07214914,12.57594523,0,0.56,61.68340396,75.23740568,13.55400173,0,1,61.77117182,75.25895447,13.48778265,0,1,50,80
44,44,40,70,57.1470518,47.39761663,64.05447624,16.6568596,0,77.89297873,71.63186259,84.52692142,12.89505883,0,0.64,66.4472228,76.39704525,9.949822446,0,1,66.53309823,76.81338658,10.28028834,0,1,50,80
45,45,40,70,59.28479012,52.02520189,65.60449583,13.57929394,0,75.84779354,69.71239781,83.05666414,13.34426633,1,0.76,67.78765396,75.95585142,8.168197458,0,1,67.17054185,75.261867,8.091325153,0,1,50,80
46,46,40,70,53.27386769,45.98085658,59.47814147,13.49728489,0,80.08904526,74.66937412,85.77761658,11.10824246,0,0.56,64.66374834,77.95368792,13.28993958,0,1,63.70744152,77.19666531,13.48922379,0,1,50,80
47,47,40,70,58.36197693,52.06239077,64.51407468,12.4516839,0,78.91625566,72.11566383,85.29801204,13.18234821,0,0.52,65.31133647,75.65071761,10.33938113,0,1,65.7043892,76.20111029,10.49672108,0,1,50,80
48,48,40,70,58.47296355,49.64306566,67.06277086,17.41970521,0,77.08646092,71.72911358,83.37115174,11.64203816,0,0.68,68.5518249,77.14890171,8.597076819,0,1,68.06476416,76.74259124,8.677827075,0,1,50,80
49,49,40,70,59.08437421,49.18835638,65.65848196,16.47012558,0,77.97102416,72.04648425,85.79647705,13.74999281,0,0.68,68.84541261,77.73117861,8.885766002,0,1,68.36832805,77.18862909,8.820301033,0,1,50,80
50,50,40,70,55.37373611,47.21106043,61.74344006,14.53237963,0,74.21802087,67.95151433,81.27650481,13.32499048,1,0.64,61.66058522,71.80191213,10.14132692,0,1,61.11578559,71.549691,10.43390541,0,1,50,80
51,51,40,70,57.22457534,47.72941612,64.05418528,16.32476916,0,77.2002075,71.99617577,83.87144589,11.87527012,0,0.72,66.41672063,76.143035,9.726314367,0,1,66.17361899,75.79132311,9.61770412,0,1,50,80
52,52,40,70,57.6805585,49.382763,63.99543708,14.61267408,0,75.45549726,69.98729101,81.81375415,11.82646314,0,0.6,63.7994595,73.1435548,9.3440953,0,1,64.02064175,73.38225791,9.361616158,0,1,50,80
53,53,40,70,48.72221808,40.94697114,56.79975058,15.85277944,0,78.07661011,72.48488583,83.26608658,10.78120075,0,0.68,61.94682698,75.97607461,14.02924763,0,1,60.81415541,75.13206507,14.31790967,0,1,50,80
54,54,40,70,52.81117697,45.75800334,58.56126163,12.80325829,0,77.5495661,71.21997234,84.39994475,13.17997241,0,0.52,60.60863428,73.43665118,12.8280169,0,1,60.03562943,73.23691041,13.20128098,0,1,50,80
55,55,40,70,53.47279381,46.99586293,59.7058733,12.71001038,0,78.32888377,72.04027088,84.96913722,12.92886634,0,0.56,61.97099672,74.37027247,12.39927574,0,1,61.54970661,74.10595089,12.55624428,0,1,50,80
56,56,40,70,57.3802471,48.77058677,65.43015214,16.65956537,0,75.69233812,70.29836217,81.80509253,11.50673036,0,0.76,66.87207305,75.84767701,8.975603965,0,1,65.85199007,75.19487068,9.342880611,0,1,50,80
57,57,40,70,60.73229599,52.97602298,67.06910616,14.09308318,0,73.35733557,66.9357009,80.34779542,13.41209453,1,0.6,64.96335689,72.35111913,7.387762235,0,1,65.06350298,72.73389833,7.670395348,0,1,50,80
58,58,40,70,58.55154978,51.44839549,65.24718608,13.79879059,0,76.97695001,69.39713579,84.03648046,14.63934467,1,0.72,66.06309176,75.2821996,9.219107846,0,1,65.82425513,75.16503818,9.340783052,0,1,50,80
59,59,40,70,60.42231151,52.67391965,66.42514742,13.75122777,0,72.94702322,66.45714708,79.61792965,13.16078258,1,0.68,65.88020928,72.71363265,6.83342337,0,1,66.08624161,72.84564609,6.759404478,0,1,50,80
60,60,40,70,59.36181388,50.48512172,65.95923098,15.47410926,0,76.67831828,71.23240221,82.95718579,11.72478358,0,0.72,67.51471338,75.9098738,8.395160422,0,1,67.9171779,75.7429707,7.825792801,0,1,50,80
61,61,40,70,56.45995599,45.87629929,63.58412669,17.7078274,0,76.40218812,70.34176726,82.74104053,12.39927327,0,0.72,65.02603014,75.12770176,10.10167162,0,1,64.90840732,75.30568007,10.39727275,0,1,50,80
62,62,40,70,53.44138053,46.0007275,60.60156032,14.60083282,0,74.33410144,68.50285134,81.55444459,13.05159326,1,0.64,61.14261908,72.5960134,11.45339433,0,1,60.14374243,72.06279424,11.91905181,0,1,50,80
63,63,40,70,58.94232989,51.11073272,65.6110905,14.50035779,0,79.27200319,73.33682004,85.76454848,12.42772844,0,0.6,68.30340274,77.99468461,9.69128187,0,1,68.2148904,77.78970082,9.574810413,0,1,50,80
64,64,40,70,53.88137392,44.90479854,60.40798658,15.50318804,0,75.28585387,68.71638949,81.90790485,13.19151536,1,0.68,61.23421284,72.30032045,11.06610761,0,1,60.40234467,72.03464252,11.63229785,0,1,50,80
65,65,40,70,55.07512437,47.68153556,61.20128149,13.51974593,0,78.34093967,72.76349926,84.80688135,12.0433821,0,0.72,64.27034247,75.95601761,11.68567514,0,1,64.25601712,75.3557732,11.09975608,0,1,50,80
66,66,40,70,56.40393461,47.56898508,63.38091995,15.81193487,0,73.82019086,67.76209454,81.59505117,13.83295663,1,0.64,62.60144099,72.05682934,9.455388353,0,1,62.24040599,71.59104295,9.350636959,0,1,50,80
67,67,40,70,54.87957598,47.21350449,60.93845445,13.72494997,0,79.1526445,73.34474014,85.35657855,12.01183841,0,0.64,63.56992069,75.76452112,12.19460043,0,1,62.91560421,75.30397295,12.38836875,0,1,50,80
68,68,40,70,56.61311644,49.67966453,62.91860421,13.23893968,0,80.98898188,74.60899768,86.70703592,12.09803824,0,0.44,62.90631198,75.15311961,12.24680763,0,1,63.06660945,75.30274382,12.23613437,0,1,50,80
69,69,40,70,56.88685993,49.14573686,63.68237557,14.53663871,0,73.32784705,68.2761008,79.33420551,11.05810471,1,0.72,64.98101356,73.7228791,8.741865548,0,1,64.26750943,72.9822675,8.71475807,0,1,50,80
70,70,40,70,53.44737303,46.23317069,59.99443393,13.76126324,0,78.05285665,72.33836384,84.45253168,12.11416784,0,0.64,62.34323111,74.73041914,12.38718803,0,1,61.7312409,74.546887,12.8156461,0,1,50,80
71,71,40,70,60.35886105,53.21704082,67.2556115,14.03857069,0,78.54351456,71.79135736,85.88073554,14.08937817,0,0.56,67.67779434,76.42466607,8.74687173,0,1,68.28765424,76.5262297,8.238575456,0,1,50,80
72,72,40,70,56.12973215,49.87778298,62.52485708,12.64707411,0,75.84413967,67.91951818,83.96711157,16.04759339,1,0.44,60.39005741,71.12934253,10.73928512,0,1,60.38738964,71.27066426,10.88327462,0,1,50,80
73,73,40,70,60.50961666,52.34717006,66.85677736,14.5096073,0,72.8135799,67.55540254,79.44289661,11.88749406,1,0.64,64.85804461,72.32612022,7.468075607,0,1,64.74255717,72.4062769,7.66371973,0,1,50,80
74,74,40,70,58.31464232,50.57150134,65.6811198,15.10961846,0,75.388071,69.32713945,82.48012906,13.15298961,1,0.64,65.57585424,74.67908772,9.103233481,0,1,65.56509065,74.44572163,8.880630981,0,1,50,80
75,75,40,70,58.25489317,48.19791713,64.9970593,16.79914217,0,76.01489378,70.89144012,82.05970079,11.16826067,0,0.76,67.07434626,75.96978563,8.89543937,0,1,66.59588486,75.63388167,9.037996809,0,1,50,80
76,76,40,70,57.66947956,48.18191635,67.54672862,19.36481228,0,79.53796879,74.35157159,85.4956745,11.14410292,0,0.76,71.63082371,80.76151977,9.130696063,0,0,70.35149885,79.98435081,9.63285196,0,0,50,80
77,77,40,70,55.59638128,47.67341312,62.88139762,15.20798451,0,77.65644675,72.55297388,83.96921766,11.41624378,0,0.8,69.36003016,78.53068664,9.170656487,0,1,68.49048543,77.72298849,9.232503065,0,1,50,80
78,78,40,70,60.91834092,49.18834897,69.90605151,20.71770254,0,77.50816525,72.34412536,83.47818571,11.13406035,0,0.8,71.32916962,78.01285956,6.683689936,0,0,71.65289,78.23821561,6.585325615,0,0,50,80
79,79,40,70,56.83329943,50.35272086,63.32477693,12.97205607,0,76.93074557,70.14964417,83.37137466,13.22173049,0,0.6,64.35553185,74.8820227,10.52649084,0,1,63.89703966,74.52632189,10.62928224,0,1,50,80
80,80,40,70,54.42085835,46.48618459,61.62695557,15.14077098,0,75.43243705,69.54061652,82.43529638,12.89467985,1,0.72,62.93617355,73.46830079,10.53212724,0,1,62.76802507,73.23275806,10.46473299,0,1,50,80
81,81,40,70,57.47667738,49.9403784,63.4475299,13.5071515,0,76.7636165,70.66057349,84.5531263,13.89255281,0,0.64,66.1474802,76.03862907,9.891148877,0,1,66.07445413,76.08489626,10.01044212,0,1,50,80
82,82,40,70,57.31781794,49.12589675,65.03543916,15.90954241,0,79.58438711,73.86798851,86.16377659,12.29578809,0,0.76,67.68026396,78.18162259,10.50135862,0,1,67.50170545,78.34954695,10.84784151,0,1,50,80
83,83,40,70,56.17568914,48.88472486,64.18996838,15.30524351,0,76.47935433,70.87991844,82.94373393,12.06381549,0,0.68,67.14816416,76.51501969,9.366855531,0,1,66.11699402,75.82876384,9.711769827,0,1,50,80
84,84,40,70,57.93031574,49.91273407,65.33192823,15.41919417,0,77.60272404,71.95197915,82.93322418,10.98124502,0,0.72,67.91610491,77.26905378,9.352948867,0,1,67.70468259,76.72420817,9.019525584,0,1,50,80
85,85,40,70,56.40685663,49.15215218,62.59655987,13.44440769,0,77.29880104,70.64809178,84.48525244,13.83716066,0,0.6,63.31407139,73.84638287,10.53231148,0,1,63.05855155,73.89839747,10.83984592,0,1,50,80
86,86,40,70,58.65140827,51.40475057,64.90132137,13.4965708,0,75.68537459,69.03781997,81.76755508,12.72973511,1,0.52,63.87326561,72.92754054,9.054274925,0,1,64.04089311,73.2468678,9.20597469,0,1,50,80
87,87,40,70,55.68346713,48.7644402,61.457517,12.6930768,0,76.59532008,69.92080178,83.03683295,13.11603117,1,0.64,62.09497955,72.63352577,10.53854622,0,1,62.19615157,72.91885578,10.72270421,0,1,50,80
88,88,40,70,55.06670171,49.65965086,61.2237554,11.56410454,0,73.0523509,67.01988073,79.50310731,12.48322658,1,0.68,60.23654875,70.11749364,9.880944893,0,1,59.16303521,69.68826508,10.52522987,0,0,50,80
89,89,40,70,56.39976713,48.80947112,63.39169972,14.5822286,0,77.02935345,71.52238533,84.43484691,12.91246158,0,0.68,64.57117317,74.85585871,10.28468553,0,1,64.03717344,74.32577623,10.28860279,0,1,50,80
90,90,40,70,57.32841064,51.36794638,63.08310959,11.71516321,0,75.04222637,68.97142572,81.52030511,12.5488794,1,0.6,62.81994357,72.37634811,9.556404536,0,1,62.70331084,72.16431065,9.460999812,0,1,50,80
91,91,40,70,60.07347605,50.8494956,66.28469571,15.43520011,0,75.36697569,69.71522884,81.9480859,12.23285705,1,0.76,67.82831632,75.57807375,7.749757433,0,1,67.18052931,75.15169101,7.971161695,0,1,50,80
92,92,40,70,54.65940395,47.49219243,61.25411154,13.76191911,0,76.57594777,70.94451367,83.378455,12.43394132,0,0.6,62.97983666,73.90710676,10.9272701,0,1,62.97745988,73.63575987,10.6583,0,1,50,80
93,93,40,70,56.24361876,49.71859123,63.29961288,13.58102165,0,81.05273716,75.20906543,86.35473947,11.14567405,0,0.64,67.64263959,79.50003937,11.85739978,0,1,66.73772178,78.78824309,12.05052131,0,1,50,80
94,94,40,70,50.95701454,43.73489862,57.79926988,14.06437126,0,78.37773416,72.8855984,85.04312936,12.15753096,0,0.8,65.89258757,78.31923994,12.42665237,0,1,63.24455884,76.86512725,13.62056841,0,1,50,80
95,95,40,70,53.44025359,45.7284259,60.43372885,14.70530295,0,75.325737,69.4290211,81.64467138,12.21565028,1,0.64,60.82059632,72.32657282,11.5059765,0,1,60.30764198,71.97555669,11.66791471,0,1,50,80
96,96,40,70,59.22619923,50.19970108,67.14197829,16.94227721,0,77.08438018,70.5403242,84.22253523,13.68221103,0,0.6,67.00386872,76.27750129,9.273632573,0,1,66.5546358,76.13173311,9.577097313,0,1,50,80
97,97,40,70,58.9377762,52.05608182,65.47825421,13.42217239,0,76.28508156,70.38475768,83.80608038,13.4213227,0,0.56,64.7864678,74.21386631,9.427398508,0,1,65.23002252,74.50524069,9.275218178,0,1,50,80
98,98,40,70,54.49592171,48.69036525,61.12368269,12.43331745,0,76.96962559,71.6952419,83.19129912,11.49605722,0,0.64,63.13984568,74.18957507,11.04972938,0,1,62.06404515,73.26625663,11.20221149,0,1,50,80
99,99,40,70,55.10819278,45.66097217,62.85637987,17.19540769,0,76.27296835,70.24529826,83.22006114,12.97476288,0,0.68,64.08803267,74.83699845,10.74896578,0,1,63.66376488,74.36635376,10.70258887,0,1,50,80
100,100,40,70,53.44549069,46.85692293,60.5324919,13.67556896,0,76.71090702,71.95488024,83.62074358,11.66586334,0,0.64,61.01535548,72.94280841,11.92745294,0,1,60.9207407,72.50239174,11.58165103,0,1,50,80
101,1,40,70,43.26212302,33.70723656,54.41763139,20.71039483,1,73.56784864,68.00533925,79.5133364,11.50799716,1,0.88,62.99696703,73.43544,10.43847297,0,1,61.27762306,72.37323513,11.09561207,0,1,40,90
102,2,40,70,51.12690382,42.2979099,58.63009406,16.33218416,0,85.22962864,78.26063351,93.41085633,15.15022282,0,0.64,69.62582968,80.55427002,10.92844035,0,1,69.49840753,80.3236942,10.82528667,0,1,40,90
103,3,40,70,49.08176919,39.24921387,57.40647828,18.15726441,1,75.10545361,68.33364825,84.37908183,16.04543359,1,0.68,61.63759196,71.40184244,9.764250475,0,1,61.11834576,70.80619892,9.687853156,0,1,40,90
104,4,40,70,50.3124797,40.66861814,58.87237775,18.20375961,0,77.25948612,70.79827944,85.92900371,15.13072428,0,0.76,65.88236823,74.93749966,9.055131426,0,1,65.3222136,74.75099978,9.428786177,0,1,40,90
105,5,40,70,45.88588687,38.79712862,54.60957406,15.81244544,1,79.10918164,72.95796986,86.21442663,13.25645677,0,0.8,65.71740612,76.99976591,11.28235979,0,1,65.07976312,76.08972546,11.00996234,0,1,40,90
106,6,40,70,46.89344356,33.86943017,58.03407836,24.16464818,1,74.15706205,67.91751901,85.29021331,17.37269429,1,0.8,64.74738015,73.76165797,9.014277823,0,1,64.18876471,73.3843845,9.195619797,0,1,40,90
107,7,40,70,49.26447894,39.56901522,59.57930905,20.01029383,1,81.01527968,74.67594775,90.09322871,15.41728096,0,0.8,68.31542633,78.63859927,10.32317294,0,1,68.14635969,78.6513072,10.5049475,0,1,40,90
108,8,40,70,50.59349365,42.10185443,58.1558959,16.05404147,0,78.06388818,70.68765095,90.80059508,20.11294412,0,0.64,62.41065674,72.8375539,10.42689715,0,1,62.57125142,73.08782126,10.51656984,0,1,40,90
109,9,40,70,51.7651598,40.89426812,61.17163385,20.27736573,0,75.89909628,70.09684411,83.78233655,13.68549244,0,0.8,67.65839668,74.78278742,7.124390744,0,1,68.09668821,75.10953372,7.012845513,0,1,40,90
110,10,40,70,45.84935311,38.03660959,52.7173246,14.68071501,1,77.64954372,70.03295953,88.59929933,18.5663398,0,0.56,55.09344594,68.37222917,13.27878323,0,0,55.0741697,68.03510639,12.96093669,0,0,40,90
111,11,40,70,45.44603732,37.16924502,52.74529519,15.57605017,1,75.09559718,69.06390638,84.25770692,15.19380055,1,0.8,60.65928288,72.3194034,11.66012051,0,1,59.61653515,71.84416375,12.22762861,0,1,40,90
112,12,40,70,50.49480218,36.83104721,59.50943073,22.67838352,1,73.55351126,67.37603269,80.40199931,13.02596662,1,0.8,64.76324935,72.64970321,7.886453854,0,1,64.22396225,72.13313445,7.909172201,0,1,40,90
113,13,40,70,48.17826736,40.53878956,55.95282139,15.41403183,0,83.28443029,76.69658785,90.53301098,13.83642313,0,0.72,67.63727484,78.88053994,11.2432651,0,1,67.28829093,78.32361507,11.03532414,0,1,40,90
114,14,40,70,45.23382873,36.46394947,54.37463741,17.91068794,1,79.48567973,72.69054355,87.50452529,14.81398174,0,0.72,64.02333848,76.22817153,12.20483305,0,1,63.7589976,75.88163587,12.12263827,0,1,40,90
115,15,40,70,48.27833776,38.87764691,56.08685051,17.2092036,1,82.57301837,75.43370658,91.44405783,16.01035125,0,0.68,64.35240177,76.76003284,12.40763107,0,1,63.63178754,76.2450003,12.61321276,0,1,40,90
116,16,40,70,45.97730059,36.1780346,56.23965656,20.06162196,1,74.02042969,68.16356088,81.91175788,13.748197,1,0.8,63.30891679,73.28595089,9.9770341,0,1,61.59631409,72.25853146,10.66221737,0,1,40,90
117,17,40,70,46.8408861,36.27575588,56.46487679,20.18912091,1,76.01509095,70.72959769,84.6269751,13.89737741,0,0.84,65.25508403,74.44348812,9.188404092,0,1,64.76647837,73.90070975,9.134231376,0,1,40,90
118,18,40,70,42.32813349,35.41677871,49.36465915,13.94788044,1,80.08757752,73.67687409,87.16825257,13.49137848,0,0.8,63.20453068,77.30313025,14.09859957,0,1,61.5008815,76.06286448,14.56198298,0,1,40,90
119,19,40,70,49.9883114,41.71704836,57.59032553,15.87327717,0,76.44939411,70.28800066,85.34565887,15.05765821,0,0.72,64.88136129,74.50687083,9.625509543,0,1,64.39686358,74.0187214,9.621857828,0,1,40,90
120,20,40,70,48.54988716,40.02978128,57.12250536,17.09272408,0,80.22672142,73.57434327,87.40464713,13.83030387,0,0.72,65.05693458,75.97290739,10.91597281,0,1,65.06356448,75.51634183,10.45277735,0,1,40,90
121,21,40,70,53.03907691,39.70679181,61.54097363,21.83418182,1,77.49042345,70.38089545,87.00822753,16.62733208,0,0.64,66.06282097,74.63095424,8.568133269,0,1,66.18761988,75.40567453,9.218054649,0,1,40,90
122,22,40,70,49.33783602,38.85942276,56.53246718,17.67304442,1,78.95433537,71.12015625,89.69068177,18.57052552,0,0.64,63.80039178,74.51804875,10.71765697,0,1,63.96168958,74.71455653,10.75286694,0,1,40,90
123,23,40,70,51.16808649,39.39906391,59.17536457,19.77630065,1,74.5806693,67.58737864,86.87055603,19.28317739,1,0.76,63.45548817,72.2353816,8.779893432,0,1,63.53955047,72.54145188,9.001901406,0,1,40,90
124,24,40,70,50.16590587,38.20799053,60.37687927,22.16888874,1,76.48707115,70.91785355,84.24200535,13.3241518,0,0.84,68.0237552,75.851842,7.828086809,0,1,68.1026498,75.69034358,7.58769378,0,1,40,90
125,25,40,70,48.58860541,40.73768001,57.150746,16.413066,0,78.7695595,73.14162207,86.59343989,13.45181782,0,0.72,64.27928555,75.16384757,10.88456202,0,1,64.26398224,74.94295622,10.67897398,0,1,40,90
126,26,40,70,49.9429026,39.18601238,58.71630749,19.53029511,1,77.4666185,71.54615704,85.43227292,13.88611588,0,0.64,62.85210274,73.20309753,10.3509948,0,1,62.54353183,72.82048683,10.27695499,0,1,40,90
127,27,40,70,46.85189607,36.92830531,55.87247487,18.94416956,1,78.64304786,72.15049257,86.99518291,14.84469034,0,0.8,67.35690328,76.86772318,9.510819902,0,1,66.85763542,76.76966475,9.912029336,0,1,40,90
128,28,40,70,48.488038,39.72676293,56.40112633,16.6743634,1,79.0663647,71.75274627,89.32301505,17.57026879,0,0.64,61.98639474,73.58650559,11.60011085,0,1,62.32700096,73.3227536,10.99575263,0,1,40,90
129,29,40,70,48.46975583,40.69295159,54.62654388,13.93359229,0,82.07007298,73.2852609,92.0274054,18.74214451,0,0.52,59.88343993,72.50143468,12.61799475,0,1,59.64779182,72.77155884,13.12376701,0,1,40,90
130,30,40,70,44.05888691,37.16497453,52.30691016,15.14193563,1,76.95160793,70.39765872,87.9749824,17.57732368,0,0.72,59.7121217,72.51615777,12.80403606,0,1,58.65079217,71.99181527,13.34102311,0,1,40,90
131,31,40,70,47.04802318,40.76529372,54.44543497,13.68014125,0,79.78110789,73.13483338,86.98511036,13.85027697,0,0.72,63.34489584,75.52676411,12.18186828,0,1,62.76770723,74.82045509,12.05274786,0,1,40,90
132,32,40,70,44.28462263,35.45942052,52.39077987,16.93135934,1,78.87263032,72.21949586,87.21675093,14.99725507,0,0.76,63.18829093,76.02342623,12.8351353,0,1,61.98646539,75.20194768,13.2154823,0,1,40,90
133,33,40,70,48.55474475,39.18376895,57.14640707,17.96263812,1,75.0893681,69.24110209,83.1223176,13.88121551,1,0.68,63.0781624,72.43092713,9.352764722,0,1,62.26894065,72.20866,9.939719346,0,1,40,90
134,34,40,70,46.34013635,35.6776504,54.35587419,18.6782238,1,74.60838783,68.49836,83.24955952,14.75119951,1,0.76,62.15048715,72.56415873,10.41367158,0,1,61.78044597,72.00947596,10.22902999,0,1,40,90
135,35,40,70,45.31621626,37.14379258,53.60184875,16.45805617,1,75.52981023,70.55482392,82.89979432,12.3449704,0,0.8,64.547527,74.52063698,9.973109984,0,1,63.33193207,73.97813715,10.64620508,0,1,40,90
136,36,40,70,51.37126028,42.10404347,59.15952332,17.05547985,0,77.52555195,72.08607188,87.36468489,15.27861302,0,0.68,66.34571059,75.10246883,8.756758239,0,1,66.32277654,74.96386397,8.64108743,0,1,40,90
137,37,40,70,45.5615829,37.71233179,52.394976,14.68264421,1,80.86229625,73.81493269,90.97243893,17.15750624,0,0.68,63.27861366,76.38653484,13.10792118,0,1,62.90434123,75.39351768,12.48917645,0,1,40,90
138,38,40,70,47.56481806,35.2946331,56.75604148,21.46140839,1,79.98119619,73.56704332,87.96945339,14.40241007,0,0.84,71.27082396,79.71194562,8.441121653,0,0,71.11295496,79.30064709,8.187692126,0,0,40,90
139,39,40,70,48.35106713,37.80966496,56.0981452,18.28848024,1,79.92486059,72.21252773,89.44020929,17.22768156,0,0.68,63.28546364,75.30816403,12.02270039,0,1,62.63903479,74.66186999,12.0228352,0,1,40,90
140,40,40,70,47.3421932,38.26308689,53.67513659,15.41204971,1,79.62833656,72.77408945,87.71782352,14.94373407,0,0.72,64.45272505,76.00869862,11.55597357,0,1,63.87283871,75.96630125,12.09346254,0,1,40,90
141,41,40,70,46.93111948,36.57674317,55.08677801,18.51003485,1,81.21864572,74.85819245,90.43354849,15.57535604,0,0.8,66.66859056,78.36723207,11.69864151,0,1,65.87569986,78.10909718,12.23339732,0,1,40,90
142,42,40,70,49.20443646,39.51565173,57.84252029,18.32686856,1,74.63350101,68.49892053,84.65823583,16.15931529,1,0.72,63.92788135,72.57587155,8.647990205,0,1,64.01380318,72.54692262,8.533119439,0,1,40,90
143,43,40,70,49.9768285,39.51158114,58.86847984,19.3568987,1,77.78225311,71.77441701,84.45161648,12.67719947,0,0.76,68.15240815,76.58761647,8.435208324,0,1,68.26417518,76.55156126,8.287386083,0,1,40,90
144,44,40,70,47.44977915,39.40859173,54.96380256,15.55521083,1,76.530224,69.83216043,84.18073594,14.34857551,1,0.72,62.86923396,73.38278512,10.51355115,0,1,62.12482609,73.31179488,11.18696879,0,1,40,90
145,45,40,70,50.38037863,41.13274654,57.22668151,16.09393498,0,76.50201431,70.26647505,84.14266094,13.87618589,0,0.68,64.47966209,73.92284035,9.443178257,0,1,63.58455703,73.28066518,9.696108146,0,1,40,90
146,46,40,70,48.85209174,36.41289785,58.33871321,21.92581536,1,73.79217841,68.27693359,81.65516535,13.37823175,1,0.84,65.54068227,73.48017209,7.939489816,0,1,65.35526682,73.11300346,7.757736636,0,1,40,90
147,47,40,70,49.22812547,38.06791074,60.81550777,22.74759703,1,75.00463526,69.39664945,86.49876902,17.10211958,1,0.92,67.63328615,74.8758162,7.24253005,0,1,67.48633274,74.37748876,6.891156018,0,1,40,90
148,48,40,70,50.37247071,36.76263209,59.29450777,22.53187568,1,81.44728755,74.80331231,92.11036842,17.30705611,0,0.84,68.20487349,78.78447212,10.57959862,0,1,67.92360576,78.5407105,10.61710474,0,1,40,90
149,49,40,70,50.59954997,39.71417225,60.67782067,20.96364841,1,77.03150332,70.50841967,88.40377908,17.89535941,0,0.72,65.59040067,74.63960667,9.049206002,0,1,66.50639215,75.25907245,8.752680298,0,1,40,90
150,50,40,70,42.94383124,35.22838823,50.25604372,15.02765548,1,79.77804696,72.58628448,88.41981275,15.83352827,0,0.76,61.71605598,75.51124508,13.7951891,0,1,61.05311996,75.0407214,13.98760145,0,1,40,90
151,51,40,70,43.09623369,35.71510471,49.22944589,13.51434117,1,78.01068009,69.53732439,87.52404184,17.98671745,1,0.6,55.89119918,70.08635653,14.19515734,0,1,55.2240644,69.12367446,13.89961006,0,0,40,90
152,52,40,70,45.96258875,36.25388427,55.35832688,19.10444262,1,77.14412614,71.46186055,84.75415737,13.29229682,0,0.84,66.98014786,76.55370252,9.573554666,0,1,65.80224379,75.9775312,10.17528742,0,1,40,90
153,53,40,70,47.51233937,35.97026408,58.55116552,22.58090144,1,80.84745949,74.72895092,89.9062732,15.17732228,0,0.84,69.95822451,79.52090079,9.562676288,0,0,69.91665344,79.41546731,9.498813879,0,1,40,90
154,54,40,70,50.25128988,42.63389229,58.04205015,15.40815786,0,84.38835799,76.36086288,94.014126,17.65326312,0,0.64,66.15549532,77.87835507,11.72285975,0,1,66.02667942,77.46560568,11.43892626,0,1,40,90
155,55,40,70,46.40733281,36.67564147,56.02258033,19.34693886,1,76.08991724,70.92393141,82.84794958,11.92401817,0,0.8,64.39585612,74.74788119,10.35202507,0,1,64.33398333,74.36882429,10.03484096,0,1,40,90
156,56,40,70,51.60210283,42.80609029,58.3983698,15.59227951,0,79.3039186,70.47970301,92.64150758,22.16180457,0,0.44,60.23024768,70.54933905,10.31909137,0,1,61.04974933,71.03947809,9.989728762,0,1,40,90
157,57,40,70,49.95361898,39.24501743,58.73202902,19.48701158,1,75.92677294,69.45577505,85.94183807,16.48606302,1,0.84,65.82231544,74.47831431,8.65599887,0,1,65.44110443,74.59901055,9.157906121,0,1,40,90
158,58,40,70,47.16160282,37.66625276,56.25174849,18.58549573,1,79.10311559,73.31421402,86.06860206,12.75438804,0,0.92,71.15972699,79.40461695,8.244889955,0,0,70.92170148,79.20529599,8.283594511,0,0,40,90
159,59,40,70,48.20290211,38.15413476,56.62194538,18.46781062,1,76.15691039,70.09330656,83.39098137,13.29767481,0,0.8,64.86064631,73.70206392,8.841417602,0,1,64.76779379,73.51924833,8.751454544,0,1,40,90
160,60,40,70,47.26209425,38.85247899,57.7005321,18.84805311,1,79.90194677,73.10030334,86.94330902,13.84300567,0,0.8,68.82745215,78.00322964,9.175777482,0,1,69.00163113,78.1800462,9.178415069,0,1,40,90
161,61,40,70,50.85584494,38.37281438,58.62369547,20.25088109,1,74.87558323,66.59985868,85.76465979,19.16480111,1,0.68,61.19335125,70.52319329,9.329842045,0,1,61.4139654,70.72256956,9.308604161,0,1,40,90
162,62,40,70,49.78054938,40.69122121,57.10954728,16.41832607,0,82.86876296,75.58271258,92.89094097,17.30822839,0,0.64,65.42244365,77.10535688,11.68291322,0,1,64.80777738,76.64574615,11.83796877,0,1,40,90
163,63,40,70,48.92656076,37.98551589,57.91489357,19.92937768,1,77.10300629,70.92287337,84.56476611,13.64189275,0,0.88,68.02457632,76.67545769,8.650881368,0,1,67.59439589,76.32125217,8.726856282,0,1,40,90
164,64,40,70,48.70280367,36.61082776,58.14899888,21.53817112,1,80.39802154,73.13586813,91.88670251,18.75083439,0,0.76,65.5243181,76.67002383,11.14570573,0,1,65.38648585,76.32858469,10.94209884,0,1,40,90
165,65,40,70,49.96559713,39.18149951,60.37443998,21.19294048,1,74.98881047,68.50187637,82.07207463,13.57019826,1,0.8,66.07540712,74.1968292,8.121422081,0,1,66.07077655,74.22721969,8.156443136,0,1,40,90
166,66,40,70,49.62656196,39.64093995,59.01347155,19.37253161,1,79.14704764,72.74955705,86.22954542,13.47998837,0,0.8,68.06319823,77.36295988,9.29976165,0,1,68.07851635,77.89723054,9.818714195,0,1,40,90
167,67,40,70,51.9087188,44.03946519,60.65755883,16.61809364,0,77.00948824,69.65636514,86.09189686,16.43553172,1,0.64,63.26155397,72.27704671,9.015492745,0,1,63.42232859,72.72089253,9.298563941,0,1,40,90
168,68,40,70,50.43864801,41.15950017,57.96525836,16.80575819,0,81.16240961,73.91130058,89.33259753,15.42129696,0,0.68,66.63473234,76.98470137,10.34996903,0,1,66.38589101,76.98344832,10.59755731,0,1,40,90
169,69,40,70,45.39261445,35.99556833,53.30669749,17.31112915,1,79.78813645,70.90646151,88.91812403,18.01166253,0,0.68,60.91169745,74.52300413,13.61130668,0,1,60.4218009,73.89215228,13.47035138,0,1,40,90
170,70,40,70,52.64073479,44.67931077,58.88430904,14.20499827,0,75.03097745,67.88907794,84.95189681,17.06281888,1,0.56,61.27146546,70.46068719,9.189221729,0,1,61.48096149,71.06230119,9.581339703,0,1,40,90
171,71,40,70,52.36594649,41.8064484,62.00671108,20.20026268,0,82.27651883,75.26237563,93.38098543,18.1186098,0,0.56,65.94685044,75.67579607,9.728945631,0,1,66.01761234,75.93821249,9.920600149,0,1,40,90
172,72,40,70,49.16894763,41.01713602,56.09210775,15.07497173,0,75.85755601,70.08559408,85.88578709,15.80019301,0,0.64,62.52255052,73.0066834,10.48413288,0,1,62.73088826,72.58924285,9.858354594,0,1,40,90
173,73,40,70,47.00689813,39.9190732,52.87630509,12.95723188,1,76.35902659,70.07439972,83.05973933,12.98533961,0,0.76,62.93028098,73.89620526,10.96592428,0,1,62.36815526,73.07044414,10.70228888,0,1,40,90
174,74,40,70,42.83447781,34.80783306,51.03148374,16.22365067,1,79.49454775,73.78715997,86.57377153,12.78661156,0,0.8,64.331678,77.55573611,13.22405811,0,1,62.67916442,76.41210272,13.73293831,0,1,40,90
175,75,40,70,47.98384571,40.88426463,54.6263943,13.74212967,0,76.12892481,68.80052149,87.68938409,18.8888626,1,0.56,58.96137521,70.62725551,11.6658803,0,1,58.98948889,70.59754913,11.60806024,0,1,40,90
176,76,40,70,51.83596594,43.2407865,60.82824482,17.58745831,0,72.82827053,67.26105425,82.1840198,14.92296554,1,0.68,63.38935544,71.17617573,7.786820296,0,1,63.41957296,71.38829843,7.968725479,0,1,40,90
177,77,40,70,49.9241221,40.0699486,58.54088313,18.47093453,0,74.89120804,69.11854198,82.18513343,13.06659145,1,0.8,66.55972175,74.51789874,7.95817699,0,1,66.8374691,74.31134871,7.473879607,0,1,40,90
178,78,40,70,50.14438153,41.93089176,59.11532077,17.18442902,0,83.60184727,74.55999474,94.30179276,19.74179802,0,0.52,61.869549,74.13238664,12.26283764,0,1,61.7489667,73.66098203,11.91201534,0,1,40,90
179,79,40,70,44.54984169,35.09716434,52.84238551,17.74522117,1,75.01610601,69.19903923,83.62638593,14.4273467,1,0.92,65.94900719,75.71539405,9.766386864,0,1,64.25871698,74.59870167,10.33998469,0,1,40,90
180,80,40,70,44.16540421,36.24450395,50.72464019,14.48013625,1,76.6985294,71.11510188,85.5425425,14.42744062,0,0.64,59.38842733,72.5586342,13.17020687,0,1,58.49242446,72.17753171,13.68510725,0,1,40,90
181,81,40,70,50.06038828,39.39942989,57.72309684,18.32366695,1,75.12198687,68.36392347,85.17287983,16.80895635,1,0.76,63.88299801,72.79156685,8.908568839,0,1,63.50296359,72.77945989,9.276496299,0,1,40,90
182,82,40,70,47.48348381,38.79898003,55.14565454,16.34667451,1,77.93279373,70.27173409,89.12872287,18.85698878,0,0.72,61.18472496,72.73071636,11.5459914,0,1,61.20487917,72.3897244,11.18484523,0,1,40,90
183,83,40,70,46.80787234,30.84028378,60.96639133,30.12610756,1,72.95985459,67.07008242,79.03705052,11.9669681,1,0.96,67.93720285,73.57654236,5.639339509,0,1,68.08550707,73.68082856,5.59532149,0,1,40,90
184,84,40,70,44.8320858,35.94941117,54.42801058,18.4785994,1,81.04795811,74.51402546,91.02278435,16.50875889,0,0.84,68.84387422,80.13344024,11.28956602,0,1,67.34527647,78.86143116,11.51615468,0,1,40,90
185,85,40,70,48.50412186,38.2178669,60.98972981,22.77186291,1,74.75933504,69.10100729,84.62483249,15.5238252,1,0.92,67.28946417,74.42524394,7.135779768,0,1,66.5770589,74.09645737,7.519398471,0,1,40,90
186,86,40,70,51.34610793,40.63549047,59.39620569,18.76071522,0,76.59009087,68.7848937,86.6882584,17.90336471,1,0.72,64.28185448,73.27440119,8.992546713,0,1,64.60962874,73.44093193,8.831303183,0,1,40,90
187,87,40,70,46.71841751,38.27165437,54.55340579,16.28175142,1,76.96091303,71.63307359,84.11893519,12.4858616,0,0.8,65.71529976,75.88068832,10.16538856,0,1,64.77356141,75.22871422,10.4551528,0,1,40,90
188,88,40,70,40.20613915,32.45640101,48.07364493,15.61724392,1,72.87978752,67.68706358,80.04982223,12.36275866,1,0.88,58.76043749,71.48196858,12.72153109,0,1,57.30256366,70.68076299,13.37819932,0,1,40,90
189,89,40,70,51.03347146,40.55491594,60.1001566,19.54524066,0,75.88320892,70.31700921,84.84924815,14.53223894,0,0.84,66.44909555,74.4866997,8.037604153,0,1,66.18840152,74.6259308,8.43752928,0,1,40,90
190,90,40,70,50.46418991,42.34096654,57.34322371,15.00225717,0,76.83330894,69.65290984,90.84118284,21.188273,1,0.64,61.40748676,71.59455016,10.1870634,0,1,61.54342729,71.58202091,10.03859361,0,1,40,90
191,91,40,70,49.87912339,38.99380724,58.63090689,19.63709965,1,74.98150814,68.53218651,84.28216166,15.74997515,1,0.76,65.30933665,73.91562599,8.606289346,0,1,64.9133221,73.50449314,8.591171037,0,1,40,90
192,92,40,70,44.52236065,36.02305014,55.18634177,19.16329164,1,76.9331868,71.27517463,83.13225874,11.85708411,0,0.88,66.74935891,76.64043761,9.891078702,0,1,65.55612855,76.08462176,10.52849322,0,1,40,90
193,93,40,70,43.06051032,33.68819785,52.35106612,18.66286826,1,81.37870418,75.79977113,87.57999735,11.78022622,0,0.88,68.41280101,80.24482325,11.83202225,0,1,66.26376689,79.30239413,13.03862724,0,1,40,90
194,94,40,70,46.04476121,32.61023782,56.50956341,23.89932559,1,77.2266266,71.28613643,85.02424725,13.73811082,0,0.84,67.47177333,76.54484763,9.073074302,0,1,67.70988298,76.24504659,8.535163616,0,1,40,90
195,95,40,70,51.15012869,42.26128133,58.42830311,16.16702177,0,79.69201465,72.60048688,89.77821639,17.17772951,0,0.68,66.00016236,76.19937117,10.1992088,0,1,65.65167385,75.98599434,10.33432049,0,1,40,90
196,96,40,70,47.48914389,36.21342351,58.22997734,22.01655383,1,75.54086353,68.62785265,86.03606947,17.40821682,1,0.8,61.68293646,72.46908799,10.78615153,0,1,61.03842375,71.77133635,10.7329126,0,1,40,90
197,97,40,70,49.1362635,40.56268237,56.52838242,15.96570005,0,77.88328623,70.73897357,87.24870955,16.50973597,0,0.72,62.5195587,73.63861122,11.11905252,0,1,62.0530703,73.37764703,11.32457673,0,1,40,90
198,98,40,70,47.51839819,38.98432334,54.82607774,15.8417544,1,79.09072335,73.45627687,89.55180746,16.0955306,0,0.72,64.12016133,75.53519838,11.41503705,0,1,64.11655015,75.15879153,11.04224138,0,1,40,90
199,99,40,70,46.73834842,37.28721369,55.78094962,18.49373593,1,74.89997995,69.28917589,81.54881357,12.25963769,1,0.84,63.60129518,73.33561702,9.734321841,0,1,63.31514878,73.24938509,9.934236307,0,1,40,90
200,100,40,70,53.06157427,44.26604738,58.93336789,14.66732051,0,84.806268,74.75362728,95.78390097,21.03027369,0,0.48,63.58318955,74.79745064,11.21426109,0,1,63.19251075,74.80005443,11.60754368,0,1,40,90
201,1,40,70,37.27988411,29.83932585,47.16156968,17.32224383,1,72.36258023,66.82568825,78.10522838,11.27954013,1,0.92,62.99696703,73.43544,10.43847297,0,1,61.27762306,72.37323513,11.09561207,0,1,35,90
202,2,40,70,42.03197345,32.23276667,52.26852302,20.03575635,1,71.5274201,66.43796535,77.69262495,11.2546596,1,0.84,62.91418266,71.37701291,8.462830251,0,1,62.69339693,70.77865901,8.085262085,0,1,35,90
203,3,40,70,40.10571978,31.12519446,50.21459885,19.08940439,1,74.78803266,68.78907851,83.03796006,14.24888155,1,0.84,62.53447549,73.27030005,10.73582456,0,1,61.27052584,72.61652479,11.34599894,0,1,35,90
204,4,40,70,43.50489209,33.46678118,51.58744807,18.12066689,1,76.03070937,70.00239947,83.7926353,13.79023583,0,0.76,64.21351924,74.52689059,10.31337135,0,1,63.2107175,74.02642315,10.81570566,0,1,35,90
205,5,40,70,45.51418977,36.53029134,54.13641012,17.60611878,1,77.0760199,71.00591155,86.32609013,15.32017858,0,0.72,63.77685465,74.22603391,10.44917927,0,1,63.27951806,73.93651176,10.6569937,0,1,35,90
206,6,40,70,48.58104483,32.20729046,58.76729455,26.5600041,1,79.52464436,71.42398097,93.77602239,22.35204142,0,0.72,66.75233797,75.96966857,9.217330601,0,1,67.12156419,75.67604711,8.554482914,0,1,35,90
207,7,40,70,43.85833867,33.26815755,55.76219459,22.49403704,1,77.55528475,71.68978828,86.57837823,14.88858995,0,0.8,64.97320544,75.70751951,10.73431407,0,1,64.83504369,75.35383661,10.51879292,0,1,35,90
208,8,40,70,42.12033207,32.54145573,53.33614878,20.79469305,1,77.14481902,70.64298839,86.62997788,15.98698949,0,0.84,64.76015014,75.3832777,10.62312756,0,1,64.67330457,75.59336533,10.92006076,0,1,35,90
209,9,40,70,43.75708346,33.88170669,52.31182011,18.43011342,1,75.94810987,68.97450376,85.58725046,16.6127467,1,0.72,62.26544498,72.98352152,10.71807654,0,1,62.38164846,72.95242827,10.57077981,0,1,35,90
210,10,40,70,48.70275028,38.9890402,56.79873637,17.80969617,1,80.0892297,72.38636881,91.03301471,18.6466459,0,0.6,64.50353772,74.84780888,10.34427116,0,1,64.57716976,74.82926178,10.25209202,0,1,35,90
211,11,40,70,46.48056535,38.53106007,54.71896306,16.18790299,1,80.64647732,74.14947107,90.15694794,16.00747687,0,0.68,62.0223443,74.06040096,12.03805666,0,1,61.92349127,74.7082794,12.78478812,0,1,35,90
212,12,40,70,44.47459981,35.14404766,53.00243037,17.85838272,1,78.97205841,73.55116917,87.38258031,13.83141115,0,0.8,66.22006214,76.69635079,10.47628865,0,1,66.4233261,76.76101364,10.33768754,0,1,35,90
213,13,40,70,47.60052979,36.56135124,58.19419636,21.63284512,1,82.79443069,74.76749174,93.80089515,19.03340341,0,0.72,68.28346867,78.55144304,10.26797437,0,1,68.38745431,78.24629333,9.858839011,0,1,35,90
214,14,40,70,41.8905451,33.6787426,54.3351268,20.65638421,1,75.10424796,68.31476544,81.72034057,13.40557512,1,0.84,65.03524533,74.05445675,9.019211419,0,1,65.00129331,73.74807406,8.746780748,0,1,35,90
215,15,40,70,45.66042345,33.13504688,55.61283028,22.4777834,1,76.03950233,70.46561173,84.21470837,13.74909664,0,0.8,65.07482697,74.48586405,9.41103708,0,1,64.99823677,74.65705135,9.658814581,0,1,35,90
216,16,40,70,44.14029955,32.23720145,55.35050367,23.11330222,1,78.78459119,72.32929466,90.59918022,18.26988556,0,0.8,67.20572228,77.27069089,10.06496861,0,1,67.08580437,77.05145951,9.965655143,0,1,35,90
217,17,40,70,44.01955603,32.83044212,53.1772484,20.34680628,1,76.99533718,70.86877805,83.39537536,12.52659731,0,0.76,65.4003331,75.1152156,9.714882499,0,1,65.45424475,75.20160734,9.747362587,0,1,35,90
218,18,40,70,45.84979704,28.64079009,54.58179269,25.9410026,1,80.73903792,72.26118092,92.3816588,20.12047788,0,0.72,66.38366825,76.8020282,10.41835995,0,1,66.04648405,77.22943451,11.18295046,0,1,35,90
219,19,40,70,35.98923638,26.99446191,48.48672467,21.49226276,1,74.47922491,69.81245583,80.20879036,10.39633453,1,1,69.94447426,76.34374189,6.399267632,0,1,70.34488204,76.75078964,6.405907601,0,0,35,90
220,20,40,70,43.43472884,30.36845837,54.57236405,24.20390568,1,78.7079175,72.33644079,88.66271102,16.32627024,0,0.84,65.49445457,76.46513285,10.97067828,0,1,65.39223951,76.19078827,10.79854875,0,1,35,90
221,21,40,70,49.61690926,36.36689136,57.0605148,20.69362344,1,81.05646895,72.56620187,93.18985618,20.62365431,0,0.56,62.60572206,73.20536496,10.5996429,0,1,62.705338,74.1909596,11.4856216,0,1,35,90
222,22,40,70,44.64152721,30.39769924,55.42968258,25.03198333,1,77.2398358,71.47201113,86.12376267,14.65175154,0,0.84,67.79888859,76.42825161,8.629363012,0,1,67.83663305,76.309651,8.473017956,0,1,35,90
223,23,40,70,42.42184762,32.29615015,53.56890096,21.27275081,1,75.24275882,69.50571514,86.58522681,17.07951166,1,0.84,65.02139517,74.43250646,9.411111284,0,1,64.87474523,74.21415624,9.339411002,0,1,35,90
224,24,40,70,43.91082484,30.78365531,54.64037637,23.85672106,1,76.24572482,70.55160352,87.16883365,16.61723012,0,0.8,66.08606036,75.55455937,9.468499008,0,1,65.79484285,75.21337969,9.418536841,0,1,35,90
225,25,40,70,43.57926315,34.41897628,54.86656742,20.44759114,1,73.98291759,68.73135276,82.1085091,13.37715634,1,0.84,64.37576021,73.32749876,8.951738549,0,1,63.99083712,73.12523169,9.134394567,0,1,35,90
226,26,40,70,45.19824661,34.97901241,58.33275157,23.35373916,1,76.6921888,70.78432055,87.77490405,16.99058351,0,0.84,66.26886406,75.26811293,8.999248872,0,1,66.42601461,75.05085194,8.624837335,0,1,35,90
227,27,40,70,41.01424491,31.55472615,50.60788019,19.05315404,1,78.18507479,72.7453118,83.74258321,10.99727141,0,0.92,68.55719742,78.00900076,9.45180334,0,1,68.10032137,78.17020354,10.06988217,0,1,35,90
228,28,40,70,42.27311964,32.42524793,51.59693672,19.17168879,1,76.91256845,69.91793121,87.24490968,17.32697847,1,0.84,61.92159876,74.1433171,12.22171833,0,1,61.3462643,73.74402425,12.39775995,0,1,35,90
229,29,40,70,40.5732302,26.40046507,56.090994,29.69052893,1,75.41825385,69.93536145,82.76644166,12.83108021,1,1,69.08198122,76.83024666,7.748265441,0,1,69.13051033,76.92435424,7.793843913,0,1,35,90
230,30,40,70,38.56492927,29.93155986,46.51309691,16.58153705,1,77.4194214,72.04222555,85.51071322,13.46848767,0,0.84,64.30022271,76.85658609,12.55636339,0,1,62.44771014,75.88888094,13.44117079,0,1,35,90
231,31,40,70,45.00609546,35.11417197,54.25991918,19.14574721,1,78.46901243,72.07478633,87.51705519,15.44226886,0,0.76,66.07216535,76.42757366,10.35540831,0,1,66.06833836,76.37285335,10.30451499,0,1,35,90
232,32,40,70,41.7942151,33.97991954,49.74697794,15.7670584,1,78.42088487,71.99829686,88.30515702,16.30686016,0,0.8,65.48465603,76.45829174,10.97363571,0,1,64.25325816,75.93351287,11.68025471,0,1,35,90
233,33,40,70,45.40672218,35.51396459,52.52961288,17.01564829,1,78.8208986,70.65538593,87.7044456,17.04905967,0,0.64,61.43055812,73.36808017,11.93752205,0,1,61.36800936,73.21717639,11.84916703,0,1,35,90
234,34,40,70,40.57794908,31.30305847,49.64107484,18.33801637,1,76.97285506,71.74428929,84.15064487,12.40635558,0,0.88,67.68671834,76.79591627,9.109197933,0,1,67.21246485,76.50362879,9.291163943,0,1,35,90
235,35,40,70,40.78422832,30.61439309,53.6728163,23.05842321,1,74.93976939,69.34657273,81.24273892,11.89616619,1,0.96,67.01195073,75.132089,8.120138271,0,1,66.78102038,75.2052025,8.424182111,0,1,35,90
236,36,40,70,42.75802099,31.56161441,54.53354284,22.97192843,1,77.57291323,71.26791335,89.89878618,18.63087283,0,0.88,66.17593227,76.32043163,10.14449936,0,1,65.66687186,76.31617268,10.64930082,0,1,35,90
237,37,40,70,45.30251155,33.46933052,54.94067232,21.4713418,1,75.93999581,68.98414047,85.00621474,16.02207427,1,0.72,62.60359548,72.63682197,10.03322649,0,1,62.29804101,72.23872354,9.940682535,0,1,35,90
238,38,40,70,48.09901201,37.50891116,56.58798041,19.07906925,1,73.90470509,67.21415513,82.01922332,14.80506819,1,0.76,62.0666567,70.68121322,8.614556519,0,1,62.46754833,70.68920479,8.221656454,0,1,35,90
239,39,40,70,45.34373947,36.34718566,52.84678976,16.4996041,1,75.57662905,68.96946239,82.95448632,13.98502393,1,0.68,61.58027664,71.82575633,10.24547969,0,1,61.51946083,71.61157072,10.09210988,0,1,35,90
240,40,40,70,38.5944552,28.89191834,46.57099841,17.67908007,1,75.8936843,70.59535243,83.27188585,12.67653343,0,0.88,63.91529213,75.38265206,11.46735993,0,1,63.76915328,75.10952517,11.3403719,0,1,35,90
241,41,40,70,40.67556571,31.57722675,48.98088562,17.40365886,1,75.82312495,70.56242111,86.83666212,16.27424101,0,0.76,60.75507859,73.30381232,12.54873373,0,1,60.00284562,72.94729215,12.94444653,0,1,35,90
242,42,40,70,44.23816923,34.40804055,54.51854814,20.11050759,1,75.90213072,69.50705834,83.7628921,14.25583376,1,0.8,64.03030589,73.68383247,9.653526578,0,1,63.62137276,73.60028501,9.978912241,0,1,35,90
243,43,40,70,39.72121401,31.36820853,48.59693101,17.22872248,1,78.54322642,72.65417065,86.90852553,14.25435488,0,0.8,64.75260101,77.15510737,12.40250636,0,1,63.9312151,76.41694573,12.48573063,0,1,35,90
244,44,40,70,45.70039771,31.84502685,55.24286807,23.39784122,1,75.09524934,68.54447764,83.27976208,14.73528444,1,0.72,64.00229586,73.04484398,9.042548112,0,1,63.81447777,73.00489707,9.190419302,0,1,35,90
245,45,40,70,46.74304359,39.57179436,54.89941652,15.32762216,1,82.52944552,74.73468418,93.22076733,18.48608315,0,0.56,61.25705237,74.48445569,13.22740332,0,1,60.67559443,74.09745334,13.42185891,0,1,35,90
246,46,40,70,44.70708744,33.0604086,53.38171741,20.32130881,1,84.17557497,76.47091066,93.47799472,17.00708406,0,0.72,68.46845125,79.89133214,11.42288089,0,1,68.21447242,79.10509823,10.89062581,0,1,35,90
247,47,40,70,48.85168242,35.60414311,56.19717103,20.59302791,1,84.92317721,74.20297255,94.18544541,19.98247286,0,0.6,66.06952192,76.95078587,10.88126395,0,1,66.5169975,77.54103966,11.02404216,0,1,35,90
248,48,40,70,41.41313512,31.3394326,50.63386997,19.29443737,1,76.33062797,70.91715323,83.0346941,12.11754087,0,0.8,63.59297868,74.71226946,11.11929078,0,1,62.0065003,73.7636422,11.7571419,0,1,35,90
249,49,40,70,39.71500491,30.90937118,48.62994663,17.72057545,1,74.95609437,69.71695576,81.86675491,12.14979915,1,0.84,64.56504737,75.06440674,10.49935937,0,1,63.52267429,74.31073236,10.78805807,0,1,35,90
250,50,40,70,44.84972718,36.04270929,51.17216373,15.12945443,1,83.39467338,76.55539628,93.23937706,16.68398078,0,0.64,65.46170877,78.27994803,12.81823926,0,1,64.5931731,78.06074492,13.46757182,0,1,35,90
251,51,40,70,40.24689626,31.2398233,48.26379189,17.02396859,1,77.35425315,71.63895242,86.41666411,14.7777117,0,0.76,61.54193771,74.53681314,12.99487543,0,1,59.79472236,73.8740472,14.07932484,0,1,35,90
252,52,40,70,43.93098895,34.6337202,54.33879545,19.70507525,1,80.96802154,74.70616986,89.24273061,14.53656074,0,0.8,66.43497741,77.3846703,10.94969289,0,1,66.04179131,77.23944122,11.19764991,0,1,35,90
253,53,40,70,44.87385691,34.35577341,54.54990162,20.19412821,1,76.91683724,70.61567939,87.77437345,17.15869407,0,0.72,64.5650802,74.55082845,9.985748252,0,1,64.39382064,74.0132639,9.619443254,0,1,35,90
254,54,40,70,46.40200179,36.30427214,54.09538133,17.79110919,1,78.23650373,70.63833876,87.40676241,16.76842365,0,0.64,61.41623082,72.56354942,11.1473186,0,1,60.86892869,72.22655847,11.35762978,0,1,35,90
255,55,40,70,41.8038438,32.55807662,51.51512144,18.95704482,1,78.45310082,73.0352438,86.44165509,13.40641129,0,0.8,67.04981675,77.48282801,10.43301126,0,1,66.42690203,76.64033906,10.21343703,0,1,35,90
256,56,40,70,37.86504418,27.48058526,49.79570306,22.3151178,1,75.29045934,70.53603561,82.85574454,12.31970893,0,0.96,69.75872256,77.12870286,7.369980304,0,1,69.61087895,77.40687327,7.795994323,0,1,35,90
257,57,40,70,44.1049504,35.68341158,52.37033075,16.68691917,1,77.03170053,70.95524088,88.71623145,17.76099057,0,0.72,64.26749783,74.88754195,10.62004412,0,1,63.66527957,74.34377337,10.67849381,0,1,35,90
258,58,40,70,43.86161339,34.8551477,51.68749896,16.83235126,1,71.69501459,63.99505023,80.45526847,16.46021824,1,0.64,54.93051451,66.14407765,11.21356314,0,0,55.10925733,66.78547955,11.67622222,0,0,35,90
259,59,40,70,44.06279484,31.9030003,55.24936925,23.34636895,1,80.30417711,73.56196074,87.23789064,13.67592989,0,0.84,68.82014548,78.46460478,9.644459298,0,1,68.545043,78.59542217,10.05037917,0,1,35,90
260,60,40,70,44.6194518,32.78071491,54.04768148,21.26696657,1,75.88110166,69.47008612,82.92777708,13.45769096,1,0.8,65.50993334,74.63847168,9.128538334,0,1,65.59698098,75.05386381,9.456882833,0,1,35,90
261,61,40,70,37.49252712,30.13923211,46.52652357,16.38729146,1,76.6716003,71.31025304,83.0884309,11.77817786,0,0.88,65.42790581,76.90709776,11.47919195,0,1,64.79717368,75.81868461,11.02151093,0,1,35,90
262,62,40,70,46.02011481,33.63890847,55.89121433,22.25230586,1,72.04245599,66.73373662,79.37401856,12.64028195,1,0.8,63.82714945,71.61345479,7.786305336,0,1,63.55673694,71.41410305,7.857366106,0,1,35,90
263,63,40,70,40.91482523,29.41925931,48.80400759,19.38474828,1,78.90005382,73.31259562,84.92658709,11.61399147,0,0.88,68.90230889,78.81246411,9.910155218,0,1,68.40655249,78.64769551,10.24114302,0,1,35,90
264,64,40,70,40.16735753,31.55345395,47.18208764,15.62863369,1,75.85714351,70.24769592,82.11931312,11.87161719,0,0.72,59.57166394,72.62508027,13.05341633,0,1,58.66146682,71.38914997,12.72768316,0,1,35,90
265,65,40,70,48.88479013,36.67880198,57.13179949,20.45299751,1,78.72161636,70.92504628,89.80459956,18.87955328,0,0.64,62.18846504,72.35898086,10.17051582,0,1,62.38628794,72.70815058,10.32186264,0,1,35,90
266,66,40,70,40.88379507,31.47924572,50.75765755,19.27841184,1,78.48017041,73.22590017,86.9627871,13.73688692,0,0.88,67.58768353,77.73296462,10.14528109,0,1,67.24591887,77.29876997,10.0528511,0,1,35,90
267,67,40,70,42.26224971,32.52449696,52.27684092,19.75234396,1,74.25698143,68.23406498,81.55830325,13.32423827,1,0.88,64.35320618,73.51503248,9.161826302,0,1,64.17022575,73.31823066,9.148004912,0,1,35,90
268,68,40,70,41.82938546,32.60579473,51.16129771,18.55550298,1,74.63814677,68.37840162,84.38121321,16.00281159,1,0.84,61.07619231,72.69495886,11.61876655,0,1,60.51693951,72.77672744,12.25978793,0,1,35,90
269,69,40,70,47.93031301,37.01529771,56.0244827,19.00918499,1,80.12115445,71.83879715,91.57086284,19.73206569,0,0.6,64.52101023,75.06665882,10.54564859,0,1,64.27922775,75.14546183,10.86623409,0,1,35,90
270,70,40,70,41.18709811,31.18209761,48.04864659,16.86654898,1,78.31466865,72.70460106,84.32200701,11.61740595,0,0.8,63.5332808,76.13003163,12.59675084,0,1,63.04337013,75.40861961,12.36524948,0,1,35,90
271,71,40,70,44.21382908,34.95455263,52.82780221,17.87324958,1,74.90227256,69.78003054,83.99091262,14.21088208,1,0.68,60.95223013,71.68263228,10.73040214,0,1,60.50396176,71.53686586,11.0329041,0,1,35,90
272,72,40,70,40.01893737,27.02662235,51.43922731,24.41260495,1,73.46504826,68.08131136,79.27058152,11.18927016,1,0.96,63.55091983,73.66221351,10.11129368,0,1,62.39678911,72.75356724,10.35677812,0,1,35,90
273,73,40,70,42.59940967,32.85808368,50.96304567,18.10496199,1,78.27816327,72.40469968,85.51999961,13.11529993,0,0.8,67.85043596,77.59485751,9.744421555,0,1,67.52894838,77.50990531,9.980956926,0,1,35,90
274,74,40,70,43.74044596,34.87029736,53.20225072,18.33195337,1,75.53697125,70.12620428,82.55566236,12.42945808,0,0.72,65.22758243,74.25953065,9.03194822,0,1,65.04640595,74.12108715,9.074681204,0,1,35,90
275,75,40,70,45.27106102,36.76175658,54.36520325,17.60344668,1,76.2442869,70.80955746,83.03612574,12.22656828,0,0.72,64.74268989,74.24125096,9.498561075,0,1,64.15384109,73.71078492,9.556943822,0,1,35,90
276,76,40,70,43.85500169,31.63884136,53.09050932,21.45166796,1,78.45230197,72.30429536,88.09604801,15.79175266,0,0.8,67.74379879,77.54153418,9.797735398,0,1,67.41228128,77.38941248,9.977131191,0,1,35,90
277,77,40,70,39.84791047,30.89314925,50.03722155,19.1440723,1,73.63523912,67.96231383,80.06531357,12.10299974,1,0.88,65.43534209,73.90331207,8.467969975,0,1,65.21861846,73.74609823,8.527479767,0,1,35,90
278,78,40,70,44.04176034,32.01991086,57.62607761,25.60616675,1,84.87970542,77.08519042,94.42057019,17.33537977,0,0.76,67.35172159,79.78433942,12.43261783,0,1,67.45717852,79.65701571,12.19983718,0,1,35,90
279,79,40,70,39.51348426,30.48405506,48.49703914,18.01298408,1,76.86937716,71.37117592,85.19033265,13.81915673,0,0.84,64.79231777,76.04183335,11.24951558,0,1,63.45925203,74.80572677,11.34647474,0,1,35,90
280,80,40,70,42.80384157,31.97811837,53.43445967,21.4563413,1,77.77996758,71.93967723,85.95602548,14.01634825,0,0.8,64.75128179,75.36889699,10.6176152,0,1,64.01368738,75.1127279,11.09904052,0,1,35,90
281,81,40,70,45.6846798,37.13845476,51.69473912,14.55628436,1,81.94401369,74.48696725,92.18187406,17.69490682,0,0.56,60.10716729,73.20382148,13.09665419,0,1,59.76962288,73.04272949,13.27310661,0,1,35,90
282,82,40,70,41.76459074,30.49895034,51.0490574,20.55010707,1,74.32446821,68.57600303,80.63065633,12.0546533,1,0.84,64.51908974,73.90634579,9.387256046,0,1,64.0929218,73.32482413,9.231902327,0,1,35,90
283,83,40,70,40.31781844,31.49538113,49.61770952,18.1223284,1,76.0138733,70.03605332,82.21340349,12.17735017,0,0.8,65.02503216,75.54102681,10.51599464,0,1,64.40673516,75.30853143,10.90179627,0,1,35,90
284,84,40,70,44.26429444,35.43599072,55.45464017,20.01864944,1,77.19630518,71.85955956,84.37136253,12.51180296,0,0.8,66.00085437,75.66780675,9.66695238,0,1,65.77406003,75.18399839,9.409938358,0,1,35,90
285,85,40,70,40.2491152,31.30215085,49.34795472,18.04580387,1,77.92515786,72.41736916,84.02621222,11.60884306,0,0.84,65.35371373,77.03967363,11.6859599,0,1,63.62641786,76.06102043,12.43460258,0,1,35,90
286,86,40,70,39.4682411,30.87320714,48.31823549,17.44502835,1,76.63667165,71.18282668,82.8661368,11.68331012,0,0.88,63.98627833,75.6592429,11.67296457,0,1,62.99027516,75.34082666,12.3505515,0,1,35,90
287,87,40,70,41.21161383,28.67234624,52.78331174,24.1109655,1,75.69073356,70.50351748,83.58651147,13.08299399,0,0.88,66.98469015,75.58139456,8.596704404,0,1,67.33897187,75.73169247,8.392720593,0,1,35,90
288,88,40,70,43.83798148,34.9007291,52.69260552,17.79187641,1,78.06624889,70.57479105,86.9056799,16.33088885,0,0.68,60.95933138,73.44068639,12.48135501,0,1,60.56805163,73.35197403,12.7839224,0,1,35,90
289,89,40,70,40.96694326,31.15893204,49.71661763,18.55768558,1,75.91352931,70.75495478,83.91682323,13.16186845,0,0.88,67.19287633,75.89834949,8.705473157,0,1,66.56759002,75.74388466,9.176294639,0,1,35,90
290,90,40,70,40.8215633,30.00330427,50.87723813,20.87393387,1,77.09274567,71.57795841,84.41459715,12.83663874,0,0.88,65.99694603,77.01638538,11.01943935,0,1,65.28864561,76.02429511,10.7356495,0,1,35,90
291,91,40,70,48.64871486,35.29538086,58.89539704,23.60001618,1,76.3641892,69.67065892,91.59923799,21.92857907,1,0.8,64.64184069,73.16972608,8.527885386,0,1,64.94300201,73.25282429,8.309822278,0,1,35,90
292,92,40,70,41.68690787,33.63040541,48.48471255,14.85430714,1,76.1914243,71.31930746,83.09100604,11.77169858,0,0.72,61.24345511,73.45112713,12.20767202,0,1,60.217436,73.1629503,12.9455143,0,1,35,90
293,93,40,70,43.28453448,29.10733954,55.80332488,26.69598534,1,73.77222912,68.0821042,79.75234893,11.67024473,1,0.88,66.43745774,74.19127949,7.75382175,0,1,66.32411475,74.75867396,8.434559206,0,1,35,90
294,94,40,70,41.17814489,33.56368737,50.88394027,17.3202529,1,77.50449821,71.19819472,83.66114141,12.46294669,0,0.8,66.30577038,76.47682969,10.17105931,0,1,65.70421874,75.92665287,10.22243413,0,1,35,90
295,95,40,70,42.83065273,32.26436697,54.57700819,22.31264122,1,73.89252419,67.60681516,83.19483833,15.58802317,1,0.8,65.67021923,73.8042487,8.134029461,0,1,65.6957533,73.60486348,7.909110178,0,1,35,90
296,96,40,70,40.85191699,29.42032875,50.61908981,21.19876106,1,73.68709313,68.22950806,81.70160741,13.47209935,1,0.84,62.4842135,72.70152913,10.21731564,0,1,61.43828973,71.72672596,10.28843624,0,1,35,90
297,97,40,70,45.53311007,35.80502995,54.53343721,18.72840726,1,73.81969523,67.47574094,82.77060031,15.29485937,1,0.88,63.42195287,72.26609699,8.844144119,0,1,63.18250495,72.27975184,9.097246896,0,1,35,90
298,98,40,70,44.00418245,32.56739295,56.67507241,24.10767945,1,79.81766813,73.81371702,89.50496738,15.69125036,0,0.88,69.3852994,78.57831761,9.193018203,0,1,69.31668343,78.24129773,8.9246143,0,1,35,90
299,99,40,70,42.61756083,33.07840486,50.36970689,17.29130203,1,78.28275308,72.05743937,85.06929119,13.01185183,0,0.76,66.09721277,76.81255329,10.71534053,0,1,64.88634528,75.98120806,11.09486279,0,1,35,90
300,100,40,70,45.03831737,34.98107268,53.63335965,18.65228698,1,78.53379264,72.82649423,87.12963861,14.30314438,0,0.76,65.50535869,75.78536241,10.28000372,0,1,65.58774705,75.69668707,10.10894002,0,1,35,90
