,trial,mean1,mean2,median.sampsmu1,lb.mu1,ub.mu1,width.mu1,cover.mu1,median.samps.mu2,lb.mu2,ub.mu2,width.mu2,cover.mu2,perc.correct,lb.tdist,ub.tdist,width.tdist,cover.tdist.mean1,cover.tdist.mean2,lb.bca.exp,ub.bca.exp,width.bca.exp,cover.bca.exp.mean1,cover.bca.exp.mean2
1,1,35,65,44.52105,37.05120881,53.23411705,16.18290825,0,76.52775853,71.29153093,81.17310489,9.881573959,0,0.88,45.00329114,63.48629363,18.48300249,0,0,44.91775567,63.73802826,18.82027258,0,0
2,2,35,65,42.41331549,35.03897713,48.83777519,13.79879806,0,71.48564348,63.5052008,82.12360652,18.61840572,1,0.88,35.28340541,49.64296364,14.35955823,0,0,36.17068723,49.28809163,13.11740439,0,0
3,3,35,65,43.10330615,36.46915255,51.66691289,15.19776035,0,76.58302646,69.54956593,84.0812988,14.53173287,0,0.84,41.0072718,58.56722664,17.55995484,0,0,41.44583296,58.7671238,17.32129084,0,0
4,4,35,65,46.41063358,37.04527037,55.05658557,18.0113152,0,74.23483874,68.36653262,80.5760591,12.20952648,0,0.92,46.60203805,64.22192106,17.61988302,0,0,45.43680854,63.7909611,18.35415256,0,0
5,5,35,65,46.00321118,38.95373308,53.65023025,14.69649717,0,71.87404287,64.84233481,78.75219139,13.90985658,1,0.8,43.85911561,59.52069039,15.66157478,0,0,43.88512147,58.93974611,15.05462464,0,0
6,6,35,65,47.05216065,38.99389208,55.05720402,16.06331194,0,72.70586907,66.44533199,78.71898824,12.27365624,0,0.96,47.01362282,62.88075791,15.86713509,0,0,46.66356986,62.29128608,15.62771623,0,0
7,7,35,65,44.52415572,37.54375346,49.88600314,12.34224969,0,72.22439513,64.76688862,77.90897129,13.14208268,1,0.92,43.95482864,58.99344442,15.03861578,0,0,43.64209452,58.71980555,15.07771103,0,0
8,8,35,65,42.87290522,34.43944443,50.50398402,16.06453959,1,69.28467843,63.96010861,74.85675782,10.8966492,1,0.8,39.53469243,53.76977062,14.23507819,0,0,39.65439826,54.277943,14.62354475,0,0
9,9,35,65,44.37244999,35.9641326,52.20801355,16.24388094,0,73.47325624,67.24689689,79.60726062,12.36036373,0,0.8,42.24112519,57.81103344,15.56990826,0,0,42.72179082,58.48063267,15.75884186,0,0
10,10,35,65,44.55302327,36.27281734,54.42255513,18.14973779,0,68.58455429,64.20166481,72.52156479,8.319899983,1,0.96,43.20276863,59.73607585,16.53330722,0,0,43.46920009,58.96022184,15.49102175,0,0
11,11,35,65,46.39756735,38.94518187,52.80301935,13.85783749,0,73.39116391,66.29198187,78.9424056,12.65042374,0,0.8,47.25362502,60.88759209,13.63396707,0,0,46.99332572,60.84636219,13.85303648,0,0
12,12,35,65,40.15847289,34.45692393,48.35232083,13.89539689,1,77.70933236,70.86057331,83.54117214,12.68059882,0,0.8,39.0141343,57.04233493,18.02820062,0,0,38.72588018,57.95281535,19.22693518,0,0
13,13,35,65,46.60265626,36.88858041,56.15725579,19.26867537,0,68.45755637,64.40658533,72.3841675,7.977582172,1,1,45.49717249,61.02760589,15.53043339,0,0,44.7208698,59.82026507,15.09939527,0,0
14,14,35,65,43.86656874,37.31161195,51.8068111,14.49519915,0,78.40280936,72.74161122,83.92594591,11.18433469,0,0.8,39.56735289,57.73687248,18.16951959,0,0,40.06362313,58.22622698,18.16260385,0,0
15,15,35,65,44.84082297,39.16264586,50.28643183,11.12378597,0,74.13590751,66.66154043,81.69284758,15.03130715,0,0.56,40.25055832,54.83464896,14.58409064,0,0,39.54329867,55.10806047,15.5647618,0,0
16,16,35,65,45.87872199,38.69217004,52.64075481,13.94858477,0,71.1507775,65.06869443,75.95700165,10.88830723,0,0.8,44.39174435,59.279565,14.88782065,0,0,44.01503419,59.06163342,15.04659922,0,0
17,17,35,65,41.87783159,35.63889993,49.00478943,13.3658895,0,72.36160413,65.73023651,80.8305689,15.10033239,0,0.88,34.52918702,49.17348784,14.64430082,1,0,35.11594669,49.86555879,14.7496121,0,0
18,18,35,65,44.83083811,39.90090924,50.11656487,10.21565563,0,75.56671599,68.80598446,82.28888671,13.48290225,0,0.68,45.14937869,59.63959609,14.4902174,0,0,45.28365838,59.68265903,14.39900065,0,0
19,19,35,65,44.75183359,36.19763619,52.87977631,16.68214011,0,70.20870794,64.73639002,74.88305581,10.14666579,1,0.96,42.60454779,57.66809524,15.06354745,0,0,42.70478768,57.47927734,14.77448966,0,0
20,20,35,65,45.08614255,38.68045467,52.27923921,13.59878454,0,79.1279889,71.19057216,85.95882502,14.76825286,0,0.84,44.14360936,62.05913868,17.91552932,0,0,44.47114727,61.99796177,17.5268145,0,0
21,21,35,65,44.48863367,38.0786621,52.20068589,14.12202378,0,71.21564578,64.42837037,76.46700939,12.03863902,1,0.84,45.08316492,59.57697564,14.49381073,0,0,44.79997261,59.25348157,14.45350896,0,0
22,22,35,65,44.47329872,36.67469702,52.47914065,15.80444363,0,71.00445284,66.07821214,75.548785,9.470572868,0,0.88,43.43920931,59.23004671,15.7908374,0,0,43.54932893,59.51931134,15.9699824,0,0
23,23,35,65,43.65004215,37.06218544,51.3912707,14.32908526,0,73.32277995,67.68746003,79.04552399,11.35806396,0,0.84,41.68115952,58.38628045,16.70512093,0,0,41.24953893,58.66510608,17.41556715,0,0
24,24,35,65,42.24495707,36.47833263,50.45973849,13.98140587,0,77.95185624,70.85292206,84.05842334,13.20550128,0,0.88,39.81957283,57.02724352,17.20767069,0,0,40.89741048,57.87586835,16.97845786,0,0
25,25,35,65,42.8997674,36.62742446,50.16697351,13.53954905,0,74.11906887,68.78999876,78.9279666,10.13796784,0,0.92,44.16706278,60.23070224,16.06363946,0,0,43.50761212,59.81608547,16.30847334,0,0
26,26,35,65,47.19650002,39.59734927,56.12662462,16.52927535,0,69.73222585,64.19508711,75.56474535,11.36965824,1,0.68,45.86303704,60.75336371,14.89032667,0,0,44.45257804,60.31194352,15.85936548,0,0
27,27,35,65,48.01319539,40.55901048,55.35820534,14.79919486,0,70.15352155,64.0572015,76.18594606,12.12874456,1,0.72,48.27466466,62.29768528,14.02302061,0,0,47.01880433,61.51638941,14.49758508,0,0
28,28,35,65,45.98918377,38.66233669,52.82320447,14.16086778,0,69.58531172,63.61689065,73.84422452,10.22733387,1,0.84,45.25761338,59.75930157,14.50168819,0,0,45.7971719,59.16293573,13.36576383,0,0
29,29,35,65,42.04150312,35.3824198,48.92038459,13.53796479,0,76.72512389,70.05526485,82.9539687,12.89870385,0,0.92,36.64369169,53.61729176,16.97360007,0,0,37.46779192,54.89059609,17.42280417,0,0
30,30,35,65,45.46723798,37.73002011,53.68308834,15.95306824,0,74.18056223,68.3044902,80.4970691,12.1925789,0,0.92,42.62548955,59.853943,17.22845345,0,0,43.2550148,60.20919371,16.9541789,0,0
31,31,35,65,42.14456143,36.76313218,48.98484509,12.22171291,0,77.33548205,70.73204228,83.76287563,13.03083335,0,0.84,39.80058263,57.75979329,17.95921066,0,0,39.24621773,57.64173464,18.39551691,0,0
32,32,35,65,43.78788952,36.66230166,52.43079669,15.76849504,0,71.36963981,65.59343834,76.0542874,10.46084906,0,0.92,43.32084788,59.30535933,15.98451145,0,0,43.38065999,58.31148444,14.93082445,0,0
33,33,35,65,46.70984679,41.20085061,53.42840277,12.22755216,0,71.42958146,62.74093676,78.97092372,16.22998696,1,0.76,45.95536322,58.88855718,12.93319396,0,0,45.87065776,58.76364165,12.89298389,0,0
34,34,35,65,43.21201793,35.09342156,51.53231174,16.43889018,0,70.81648598,67.35543367,74.06173968,6.706306012,0,0.96,49.32020497,64.3468224,15.02661743,0,0,48.12628513,63.27441599,15.14813086,0,0
35,35,35,65,46.11490138,40.82627939,52.3621372,11.53585781,0,71.12626578,63.59247522,81.75833367,18.16585846,1,0.72,45.41637406,57.61666165,12.20028758,0,0,45.40797572,57.48271094,12.07473521,0,0
36,36,35,65,47.63011895,40.89261532,56.11820062,15.2255853,0,72.71166201,67.36742308,77.37499158,10.0075685,0,0.72,49.63023149,64.25382187,14.62359038,0,0,48.91161023,63.66898529,14.75737507,0,0
37,37,35,65,39.73191785,33.04397868,47.7683258,14.72434712,1,77.28399131,68.23350613,87.29624022,19.0627341,0,0.88,31.87990779,47.09508341,15.21517561,1,0,32.24965345,47.75585321,15.50619976,1,0
38,38,35,65,42.76721176,34.50562745,50.95897542,16.45334797,1,77.2787847,68.33369413,85.52932462,17.19563049,0,0.84,35.88014875,52.13197156,16.25182281,0,0,36.48139738,53.65903891,17.17764153,0,0
39,39,35,65,42.13011247,35.6969059,49.45729039,13.76038449,0,80.90289386,75.10047369,85.28356721,10.18309352,0,0.84,37.54555651,58.29776632,20.75220981,0,0,38.5456079,60.30797956,21.76237165,0,0
40,40,35,65,41.83565521,34.86776298,49.70758185,14.83981887,1,67.75068127,62.20526569,72.78750806,10.58224237,1,0.88,37.34266171,52.79544203,15.45278031,0,0,37.33660485,52.84293137,15.50632652,0,0
41,41,35,65,45.3443061,37.47729061,52.42946122,14.95217061,0,76.1962038,66.82017915,85.9119,19.09172084,0,0.8,43.90467852,60.6693535,16.76467499,0,0,43.95604045,60.14176661,16.18572616,0,0
42,42,35,65,43.7862851,36.67402301,51.08728161,14.4132586,0,74.50011634,68.00469982,81.70503152,13.7003317,0,0.8,40.65617121,57.40460662,16.74843542,0,0,40.94224088,57.03766397,16.09542308,0,0
43,43,35,65,45.90557397,37.71032019,53.1281396,15.41781941,0,71.3950049,65.83923848,77.4563742,11.61713572,0,1,44.76791639,60.03874839,15.270832,0,0,43.53819035,59.35678496,15.81859461,0,0
44,44,35,65,43.75944595,37.29200469,51.38561928,14.09361459,0,73.95394313,66.80439616,82.89630874,16.09191258,0,0.72,41.39561399,57.52540977,16.12979579,0,0,41.80755195,57.66574719,15.85819524,0,0
45,45,35,65,46.02802788,39.93498065,52.08737844,12.15239778,0,74.18801558,64.37963609,80.80152334,16.42188726,1,0.72,46.44485209,61.03608729,14.59123519,0,0,46.47547836,61.07919784,14.60371948,0,0
46,46,35,65,45.14358725,37.47706522,52.95790366,15.48083845,0,74.35807897,67.80647467,81.002851,13.19637633,0,0.88,44.39664819,60.37971569,15.9830675,0,0,44.4806236,59.75982707,15.27920348,0,0
47,47,35,65,42.80293249,37.21008227,49.13334846,11.92326619,0,71.47556989,66.58302897,75.70955219,9.126523217,0,0.84,41.5864836,57.1494399,15.5629563,0,0,42.02582137,57.03818268,15.01236131,0,0
48,48,35,65,42.92594731,36.57490886,49.80385841,13.22894955,0,71.80796802,66.31932836,76.41240573,10.09307737,0,0.8,41.82313436,57.67951126,15.8563769,0,0,42.22003368,57.7758814,15.55584772,0,0
49,49,35,65,46.06235272,38.99293844,52.58755371,13.59461526,0,74.02380482,66.70069421,81.06781838,14.36712418,0,0.92,47.79693066,62.98767405,15.19074338,0,0,47.81795451,62.70984019,14.89188567,0,0
50,50,35,65,46.27864105,37.96179111,55.26331984,17.30152874,0,74.72085736,68.60487639,81.16008217,12.55520578,0,0.84,46.88514695,63.05288546,16.16773851,0,0,46.47850127,63.19337545,16.71487418,0,0
51,51,35,65,43.87485048,38.44556148,49.91755653,11.47199505,0,72.42433812,67.14944813,77.18621851,10.03677038,0,0.88,44.53556904,58.46809466,13.93252563,0,0,44.89534486,58.74647685,13.85113199,0,0
52,52,35,65,47.42696713,40.8730395,54.38006376,13.50702426,0,74.03600457,68.3707589,79.28818741,10.9174285,0,0.8,51.35848816,65.06139557,13.70290741,0,1,50.46417656,64.71285722,14.24868065,0,0
53,53,35,65,43.72097195,38.85762709,50.62480874,11.76718165,0,79.88599407,72.01583735,85.76215885,13.7463215,0,0.76,44.83443192,61.97607325,17.14164133,0,0,45.2174768,62.68549734,17.46802054,0,0
54,54,35,65,36.13170034,30.78029736,42.77949433,11.99919697,1,70.94751508,66.66160153,74.58193154,7.920330006,0,0.96,40.20862154,58.97404335,18.76542181,0,0,39.22852677,59.0648719,19.83634513,0,0
55,55,35,65,44.06164309,37.15037966,52.53779453,15.38741487,0,70.27161439,63.44001293,77.09520961,13.65519668,1,0.8,42.83666137,57.40441921,14.56775785,0,0,42.27399666,57.41707834,15.14308168,0,0
56,56,35,65,42.99329402,36.40263395,51.04094939,14.63831543,0,71.76074811,67.10965045,76.50812357,9.398473117,0,0.88,41.35385389,57.9550146,16.60116071,0,0,41.38762276,57.45182484,16.06420208,0,0
57,57,35,65,47.67931981,40.02344564,55.12110661,15.09766097,0,78.75533003,70.74148856,86.82793967,16.08645111,0,0.76,47.48869736,66.20466901,18.71597164,0,1,46.76367001,66.202403,19.43873299,0,1
58,58,35,65,42.84644102,37.11137075,48.93792885,11.82655809,0,71.89408199,64.94338422,77.14490945,12.20152523,1,0.72,38.84723088,54.99560269,16.14837182,0,0,38.76499897,54.86474268,16.09974371,0,0
59,59,35,65,42.9316444,35.68427778,52.50414225,16.81986447,0,73.68540252,68.28058945,78.83940699,10.55881754,0,0.92,40.80416239,58.16387449,17.3597121,0,0,40.30594006,57.53025928,17.22431923,0,0
60,60,35,65,43.15985367,36.86465622,49.45715063,12.59249441,0,72.47070464,65.05315733,79.16506536,14.11190803,0,0.72,39.16843075,55.38093592,16.21250517,0,0,38.8039703,55.40428612,16.60031582,0,0
61,61,35,65,43.35996094,35.98203368,52.55531782,16.57328414,0,73.82629525,66.62082721,80.31245585,13.69162864,0,0.8,41.90950289,58.45986191,16.55035902,0,0,42.50184968,58.10335969,15.60151001,0,0
62,62,35,65,43.08298487,36.36166161,49.25566902,12.89400741,0,73.56913466,68.46826633,79.61807894,11.14981262,0,0.84,42.2169366,58.69764675,16.48071015,0,0,42.54821703,58.63517158,16.08695455,0,0
63,63,35,65,44.19153488,37.46683448,50.26139546,12.79456099,0,76.91509957,70.49330611,83.94468345,13.45137734,0,0.84,44.0835226,60.86573878,16.78221618,0,0,44.56206359,61.35630133,16.79423773,0,0
64,64,35,65,41.63895755,34.07337383,49.88356859,15.81019476,1,71.88250738,66.76191352,76.24765002,9.485736492,0,0.96,40.47482742,57.32516968,16.85034226,0,0,40.2126332,58.18764222,17.97500902,0,0
65,65,35,65,45.28434061,39.81795898,51.10652876,11.28856978,0,69.45188156,63.13255942,75.35837165,12.22581223,1,0.8,44.15187716,56.26757261,12.11569544,0,0,44.20933032,56.4427336,12.23340328,0,0
66,66,35,65,45.72466518,40.08881285,51.46035742,11.37154457,0,75.06076561,68.68051972,82.30133212,13.6208124,0,0.76,45.6617979,60.46934393,14.80754603,0,0,45.75258806,59.72540484,13.97281677,0,0
67,67,35,65,42.37816796,34.4551384,50.0645857,15.6094473,1,72.26148472,67.54328591,76.09203453,8.548748623,0,0.88,41.78343429,59.70384529,17.92041099,0,0,40.89477303,59.41526714,18.52049411,0,0
68,68,35,65,47.38547659,40.08496203,53.86396644,13.77900441,0,73.89554012,66.83136938,79.81993182,12.98856243,0,0.72,49.05855835,63.71738502,14.65882667,0,0,49.00893377,64.61868052,15.60974676,0,0
69,69,35,65,44.31495599,39.27023752,49.95466899,10.68443147,0,74.3951709,67.28873353,80.12042677,12.83169325,0,0.72,43.24493921,57.2487324,14.00379319,0,0,42.70976548,57.62715314,14.91738765,0,0
70,70,35,65,45.06381278,37.51313033,53.88534415,16.37221382,0,71.15438624,65.04401308,79.71607619,14.67206311,0,0.84,41.35923169,58.11236139,16.7531297,0,0,40.92343432,57.85338885,16.92995453,0,0
71,71,35,65,43.07637507,36.25399827,51.06427449,14.81027622,0,64.43940717,57.4130139,69.2561339,11.84312,1,0.88,40.80007241,53.52862113,12.72854872,0,0,41.74475464,53.65514376,11.91038913,0,0
72,72,35,65,43.69520491,34.77404404,54.56345001,19.78940597,1,68.46104618,62.39134182,73.70861613,11.31727431,1,0.92,38.94033833,54.74625733,15.805919,0,0,38.80995026,54.88322704,16.07327678,0,0
73,73,35,65,39.99550971,32.60131299,47.7795628,15.17824982,1,76.29794332,70.40663677,82.53780713,12.13117036,0,0.92,38.35388299,57.94037843,19.58649544,0,0,37.99946858,57.9547671,19.95529852,0,0
74,74,35,65,46.09223524,36.92735068,54.68695325,17.75960256,0,70.18809572,65.75373403,73.84355677,8.089822737,0,0.92,47.20769156,62.95789387,15.75020232,0,0,46.35255789,61.79877621,15.44621832,0,0
75,75,35,65,42.58506719,36.32135632,48.57444634,12.25309002,0,74.01880354,66.54802145,79.86305676,13.31503531,0,0.8,41.01344313,57.51941411,16.50597098,0,0,41.57433485,58.51735665,16.9430218,0,0
76,76,35,65,43.89786145,38.75732797,50.43797007,11.6806421,0,72.70169082,67.89053308,77.05231651,9.161783426,0,0.8,44.92649665,60.293122,15.36662534,0,0,44.77547773,59.55365112,14.77817339,0,0
77,77,35,65,49.66389606,42.52877291,55.94818189,13.41940898,0,70.59683962,64.85105971,75.29518934,10.44412964,1,0.8,53.54406511,65.13279199,11.58872688,0,1,52.55275785,64.6967565,12.14399865,0,0
78,78,35,65,44.08988749,37.84502372,49.58093803,11.73591431,0,81.27058856,72.43402056,88.3331062,15.89908564,0,0.76,42.06721929,60.16259235,18.09537306,0,0,42.42942393,60.68476527,18.25534134,0,0
79,79,35,65,45.31145727,38.93325228,51.61432799,12.6810757,0,72.29330317,64.79728204,80.52638791,15.72910587,1,0.8,44.39021195,58.72684975,14.3366378,0,0,44.35379202,58.80647487,14.45268285,0,0
80,80,35,65,37.91956065,31.53068566,45.79709656,14.2664109,1,71.69533578,66.91630884,77.38123476,10.46492592,0,0.96,38.21256291,57.47574461,19.2631817,0,0,37.7569134,57.80025159,20.04333819,0,0
81,81,35,65,43.02008588,36.52669017,49.46184135,12.93515118,0,74.04582545,68.5181013,79.05269281,10.53459152,0,0.96,42.2899064,58.85927924,16.56937284,0,0,41.78026616,58.66048603,16.88021986,0,0
82,82,35,65,46.77237987,39.60519862,55.00042961,15.39523098,0,72.51437188,66.64466203,78.27819782,11.63353579,0,0.84,45.37698347,62.34661291,16.96962944,0,0,44.60114514,61.34808321,16.74693807,0,0
83,83,35,65,45.09708143,37.91524864,52.58077194,14.66552329,0,76.54765866,69.95307143,82.38573545,12.43266401,0,0.88,44.56346777,61.52198484,16.95851707,0,0,44.5894475,61.613309,17.02386149,0,0
84,84,35,65,44.56977293,36.39684495,53.09207282,16.69522786,0,73.86069381,69.53416622,78.02652623,8.492360015,0,0.88,43.22353755,60.81893805,17.5954005,0,0,42.264723,60.39705161,18.13232861,0,0
85,85,35,65,47.70051848,39.47070317,55.98806643,16.51736326,0,74.54290584,67.37462378,81.40872918,14.0341054,0,0.8,49.75688768,66.36886574,16.61197806,0,1,47.87987379,65.85646673,17.97659294,0,1
86,86,35,65,40.8021601,33.8042925,47.91005387,14.10576137,1,76.5593074,70.98523841,81.57478698,10.58954857,0,0.88,38.41156289,58.37242506,19.96086217,0,0,36.58057936,57.19536826,20.6147889,0,0
87,87,35,65,43.665988,37.36579453,50.02583868,12.66004415,0,74.49092147,67.01836332,82.90097855,15.88261523,0,0.76,40.89317179,57.26208844,16.36891664,0,0,40.63735763,57.80213684,17.16477921,0,0
88,88,35,65,44.69945678,37.26476639,53.17469658,15.90993019,0,69.86821141,65.11593104,74.65536054,9.539429495,0,0.84,43.65322608,58.39996557,14.74673949,0,0,43.66573836,58.46938393,14.80364557,0,0
89,89,35,65,45.61043529,38.7741065,52.80833659,14.03423009,0,71.72340485,65.27003268,80.81863561,15.54860293,0,0.8,43.49890456,57.95772232,14.45881776,0,0,43.21777189,57.35604374,14.13827185,0,0
90,90,35,65,42.90121584,34.83603806,50.84480255,16.00876449,1,69.05987074,63.95542453,73.42067063,9.465246102,1,0.96,40.49197784,56.62810136,16.13612352,0,0,39.83627078,56.4444934,16.60822261,0,0
91,91,35,65,44.03119108,37.42453649,52.44607261,15.02153612,0,72.67399835,64.63111571,78.13180798,13.50069227,1,0.88,43.84191113,59.09287524,15.25096412,0,0,44.30715357,59.10784726,14.80069369,0,0
92,92,35,65,45.87440588,36.88282723,54.015173,17.13234577,0,72.80633776,65.89245497,80.09938621,14.20693124,0,0.72,38.08483194,55.78831332,17.70348139,0,0,36.53238946,56.07504302,19.54265356,0,0
93,93,35,65,41.05854994,34.53975953,50.36934908,15.82958955,1,77.87746921,71.16160946,84.00137408,12.83976463,0,0.8,37.18869798,56.22172912,19.03303114,0,0,37.37310661,56.8216313,19.44852469,0,0
94,94,35,65,43.69010277,38.16412076,50.61611446,12.4519937,0,72.22136321,64.51302515,78.07320836,13.56018321,1,0.76,43.77989373,58.13213593,14.3522422,0,0,44.39464214,58.35407371,13.95943157,0,0
95,95,35,65,35.94500851,30.17881407,43.75462935,13.57581528,1,70.08209874,65.39133757,74.27377072,8.882433149,0,0.92,31.14323427,47.68753156,16.54429729,1,0,31.82588315,48.47355857,16.64767541,1,0
96,96,35,65,45.86865172,37.62336395,54.31600513,16.69264117,0,73.91540999,68.15578809,81.08724654,12.93145845,0,0.88,43.68737199,60.15963629,16.4722643,0,0,43.30826353,60.22041013,16.91214659,0,0
97,97,35,65,43.67730899,38.37158741,49.28638862,10.91480121,0,76.33676445,68.7705465,83.74875388,14.97820739,0,0.8,43.44833607,58.57600083,15.12766475,0,0,44.34452989,59.52883532,15.18430543,0,0
98,98,35,65,45.37834432,37.89975815,54.0490313,16.14927315,0,71.50064584,64.92503942,78.46561158,13.54057216,1,0.72,41.26909151,57.51415694,16.24506543,0,0,40.54612413,57.10561347,16.55948934,0,0
99,99,35,65,46.42101752,38.78701091,53.79291719,15.00590628,0,72.60206505,66.48427545,78.79777551,12.31350006,0,0.88,41.58118905,59.28978313,17.70859407,0,0,41.65345893,58.06200546,16.40854652,0,0
100,100,35,65,47.86803615,40.26527026,56.09669347,15.83142321,0,71.32346177,66.86557236,75.13848687,8.272914514,0,0.96,49.14270196,64.57016246,15.4274605,0,0,47.71866531,63.89863424,16.17996893,0,0
101,1,45,55,46.36578117,40.54102122,54.12271712,13.58169591,1,68.95075055,62.42344546,73.51053804,11.08709258,0,0.68,47.02032891,59.0749099,12.05458099,0,1,47.00129008,59.18977872,12.18848864,0,1
102,2,45,55,44.29818548,40.67601568,47.88189971,7.205884028,1,75.47111277,62.8228261,84.6872828,21.8644567,0,0.68,41.79132788,51.92168329,10.13035541,1,0,42.22723355,51.95098924,9.723755687,1,0
103,3,45,55,44.84172878,39.85000706,51.26760168,11.41759462,1,71.61343476,64.50218646,81.18964428,16.68745782,0,0.56,43.50612285,56.91672662,13.41060377,1,1,43.42390016,56.96656433,13.54266417,1,1
104,4,45,55,46.54940687,38.67762933,53.53507159,14.85744226,1,69.98489617,63.65823537,76.00319676,12.34496139,0,0.76,46.74741994,60.62906475,13.88164481,0,1,46.53321359,60.98963494,14.45642135,0,1
105,5,45,55,45.94083153,40.64938368,52.82318181,12.17379813,1,60.81360437,53.0809283,67.79175866,14.71083036,1,0.64,43.1170662,52.28529677,9.168230575,1,0,43.18241984,52.09613527,8.913715431,1,0
106,6,45,55,49.03477872,43.22012089,55.22830735,12.00818646,1,62.76518693,56.59563471,68.85836919,12.26273448,0,0.48,47.54078506,57.02760667,9.486821608,0,1,46.64753948,56.79322981,10.14569033,0,1
107,7,45,55,46.45694465,41.85290599,50.81353901,8.960633023,1,73.69889351,57.72898551,84.52220284,26.79321734,0,0.68,44.82901801,54.69868169,9.869663681,1,0,44.9993131,55.32749678,10.32818369,1,1
108,8,45,55,43.23872148,36.18734102,49.8120379,13.62469688,1,57.26973682,51.1871061,62.52230088,11.33519478,1,0.88,38.11262988,48.11535499,10.00272511,1,0,38.17350679,48.08706585,9.913559057,1,0
109,9,45,55,47.18781027,41.70622264,52.63714139,10.93091875,1,62.61589512,55.8121262,69.4198491,13.6077229,0,0.6,45.4998431,54.29786685,8.798023754,0,0,45.73630973,54.33176189,8.595452158,0,0
110,10,45,55,51.03638524,45.69718455,57.04020467,11.34302012,0,66.8813946,60.16663704,73.50115224,13.3345152,0,0.56,51.95630592,61.30415227,9.347846352,0,1,51.28026968,61.18006421,9.89979453,0,1
111,11,45,55,45.37651774,41.98370322,50.51993934,8.536236118,1,76.503255,67.85184302,86.23225587,18.38041284,0,0.84,44.19055707,55.4590946,11.26853753,1,1,45.17702782,55.55910664,10.38207882,1,1
112,12,45,55,45.14540369,39.80840837,50.66394244,10.85553407,1,71.88069189,63.05012469,81.06115621,18.01103152,0,0.68,42.92716565,54.99366392,12.06649826,1,0,43.2925089,54.48902536,11.19651646,1,0
113,13,45,55,46.64626498,41.79820559,52.7194416,10.92123601,1,65.49170468,57.56081942,73.27602365,15.71520423,0,0.52,45.19741761,54.73672466,9.539307055,0,0,45.16276953,54.52350224,9.360732707,0,0
114,14,45,55,45.47585565,40.25436672,50.12073887,9.866372154,1,72.28672615,63.96733041,82.46871412,18.50138371,0,0.44,43.83862209,55.06363899,11.2250169,1,1,43.82926324,55.68755815,11.8582949,1,1
115,15,45,55,45.75295603,40.31231597,51.60881528,11.2964993,1,62.5163526,56.04807854,68.32838983,12.28031129,0,0.84,42.7697915,52.64097436,9.871182855,1,0,42.71756234,52.35008656,9.632524219,1,0
116,16,45,55,49.94888323,45.10424552,55.21300544,10.10875992,0,72.89765462,61.42572449,84.04209143,22.61636694,0,0.52,49.53685453,58.61567872,9.078824196,0,1,49.45401228,58.51520218,9.061189904,0,1
117,17,45,55,43.05811077,38.38142494,47.66816234,9.286737403,1,73.66031504,65.22798522,79.92533508,14.69734986,0,0.6,39.42499143,50.04169231,10.61670088,1,0,39.94800038,50.52190617,10.57390579,1,0
118,18,45,55,45.84605507,39.97466407,52.53603804,12.56137398,1,61.15891153,54.68066552,66.31688994,11.63622442,1,0.76,43.52841051,54.04101792,10.51260741,1,0,43.13184222,53.81509183,10.68324961,1,0
119,19,45,55,45.76427527,41.80248558,50.05014007,8.247654498,1,79.91532322,69.6248741,88.4158776,18.7910035,0,0.6,43.38846777,54.79402711,11.40555934,1,0,43.51559671,55.35482087,11.83922416,1,1
120,20,45,55,45.78895675,40.04239579,51.63539023,11.59299444,1,56.00127627,50.07409673,61.83357652,11.75947979,1,0.68,39.96992981,50.32433973,10.35440993,1,0,39.45134089,49.75677156,10.30543068,1,0
121,21,45,55,43.23895942,36.14937574,51.59404007,15.44466433,1,68.11036343,62.04980417,77.01957792,14.96977376,0,0.72,40.95166942,54.13086044,13.17919102,1,0,41.4728602,54.692672,13.2198118,1,0
122,22,45,55,46.60285652,39.89690981,51.89257239,11.99566258,1,69.65988272,61.55278644,82.38273158,20.82994514,0,0.6,44.0669998,55.92486769,11.8578679,1,1,43.81652462,55.76222468,11.94570006,1,1
123,23,45,55,45.1844756,39.00457881,52.92208108,13.91750228,1,68.23103893,62.17693983,78.12355877,15.94661893,0,0.56,43.37267235,55.31597467,11.94330231,1,1,43.63567305,55.95247424,12.31680119,1,1
124,24,45,55,46.9285422,41.3891236,53.21843439,11.82931079,1,70.95902941,61.59419179,78.20088413,16.60669235,0,0.68,46.47347963,58.33863864,11.86515901,0,1,46.79292519,58.45648452,11.66355933,0,1
125,25,45,55,45.45542265,38.53273353,51.77666033,13.24392681,1,74.09035321,67.97187554,79.61437305,11.64249751,0,0.72,43.62589431,59.77258638,16.14669207,1,1,43.61201107,59.55847134,15.94646026,1,1
126,26,45,55,46.06792207,40.22171756,53.09233117,12.87061361,1,68.27017726,60.69404317,80.65599034,19.96194717,0,0.6,44.23932305,56.18716486,11.9478418,1,1,44.47079173,56.39809005,11.92729832,1,1
127,27,45,55,45.48145119,41.05534932,50.56130475,9.505955434,1,67.96598442,61.04788509,74.56650579,13.5186207,0,0.64,44.60865836,55.55298608,10.94432772,1,1,44.6197506,55.62793947,11.00818886,1,1
128,28,45,55,48.1813813,42.55486128,53.18488692,10.63002563,1,78.50212429,66.67912274,87.0995005,20.42037776,0,0.56,47.05261584,58.8498322,11.79721635,0,1,46.52937897,58.27743817,11.7480592,0,1
129,29,45,55,46.77763355,40.40987848,52.39091462,11.98103614,1,67.58342923,61.16828512,73.78855808,12.62027296,0,0.76,45.21221566,56.70664513,11.49442947,0,1,45.18006089,56.76446109,11.58440021,0,1
130,30,45,55,45.53508887,38.3267019,51.63931959,13.31261769,1,56.72307266,50.98407203,62.58007818,11.59600614,1,0.68,41.6084243,51.45530045,9.846876156,1,0,41.85512538,51.58623657,9.731111194,1,0
131,31,45,55,44.55703708,38.25138501,50.90017595,12.64879094,1,70.13642956,62.70891185,81.49238746,18.78347561,0,0.72,40.88052771,55.05080471,14.170277,1,1,41.15050524,54.45683362,13.30632838,1,0
132,32,45,55,45.46419747,40.8778849,50.54623378,9.668348882,1,71.79678073,57.08093483,83.19620461,26.11526978,0,0.76,42.58007671,52.78623245,10.20615574,1,0,42.97908125,53.511084,10.53200275,1,0
133,33,45,55,48.04347886,43.41055475,53.90853831,10.49798356,1,72.87124227,62.0347402,82.29783004,20.26308984,0,0.44,47.41234674,58.18037472,10.76802798,0,1,47.99559519,58.72070271,10.72510752,0,1
134,34,45,55,50.43101107,44.85570838,55.21578077,10.36007239,1,68.4010355,59.92032528,75.92437862,16.00405334,0,0.6,50.32014722,59.33861022,9.018463,0,1,50.13522323,59.12192362,8.986700388,0,1
135,35,45,55,44.40195886,37.35069218,51.73102483,14.38033264,1,70.56223991,60.81256263,82.55262533,21.7400627,0,0.8,41.92548847,55.74344193,13.81795347,1,1,41.80952146,56.74902953,14.93950807,1,1
136,36,45,55,45.28921254,39.99053763,53.19708411,13.20654648,1,71.00405741,65.64481405,76.48416653,10.83935248,0,0.68,46.18994017,58.54602869,12.35608852,0,1,46.94521656,58.74152551,11.79630895,0,1
137,37,45,55,46.11565677,41.14919311,52.38771808,11.23852498,1,69.3356807,63.48084252,74.38257114,10.90172862,0,0.6,46.53075008,58.08486912,11.55411905,0,1,46.70629034,57.73045886,11.02416852,0,1
138,38,45,55,49.37139127,43.63530523,56.82614697,13.19084174,1,75.75424407,65.42774265,85.784205,20.35646236,0,0.6,47.95162366,59.85256882,11.90094516,0,1,47.28047366,59.16068029,11.88020663,0,1
139,39,45,55,44.96841477,39.19245442,51.49374288,12.30128846,1,62.91271687,55.5706224,68.13421817,12.56359577,0,0.64,42.18472283,53.37869432,11.19397149,1,0,42.05253131,52.92432466,10.87179334,1,0
140,40,45,55,45.3826679,40.52945946,50.7956012,10.26614174,1,68.64516153,62.06814097,74.35277055,12.28462958,0,0.84,44.83447652,55.43031966,10.59584313,1,1,45.44464267,55.99511868,10.550476,1,1
141,41,45,55,46.95238194,41.29450869,51.97913673,10.68462804,1,73.70251356,64.28122019,82.60419497,18.32297478,0,0.64,46.74592889,59.38683695,12.64090806,0,1,46.36356185,59.88570486,13.52214301,0,1
142,42,45,55,48.22397424,39.88494176,55.28639929,15.40145753,1,69.65775086,64.36435326,75.9775003,11.61314703,0,0.72,49.02855508,62.13136581,13.10281073,0,1,48.57427293,61.73905059,13.16477766,0,1
143,43,45,55,48.66797197,41.84575555,54.16255098,12.31679543,1,59.60118333,54.05505972,67.4521795,13.39711977,1,0.68,45.97904157,55.49488192,9.515840347,0,1,45.31912571,54.780661,9.461535289,0,0
144,44,45,55,46.2423904,41.21029078,50.99495145,9.784660666,1,72.12038074,57.8033255,84.1172944,26.31396891,0,0.64,43.72865204,53.80776974,10.0791177,1,0,44.20222184,54.48173091,10.27950906,1,0
145,45,45,55,47.35230931,40.81946213,52.38686058,11.56739845,1,71.27328083,61.68538635,81.54299322,19.85760687,0,0.68,45.86353874,56.15715158,10.29361284,0,1,45.84419541,56.72134267,10.87714726,0,1
146,46,45,55,45.77216693,39.95515871,51.06594803,11.11078931,1,61.08728959,54.70837244,66.04717223,11.33879979,1,0.76,42.95218436,52.70155344,9.749369077,1,0,42.80956848,52.85670811,10.04713963,1,0
147,47,45,55,46.11340732,40.34477972,52.55092795,12.20614822,1,64.30505638,57.50658393,69.30523775,11.79865382,0,0.68,43.65290623,54.82772022,11.17481398,1,0,43.68715334,54.85941734,11.172264,1,0
148,48,45,55,42.79169132,37.18626541,50.32157839,13.13531298,1,74.42899231,67.93430565,80.53883552,12.60452988,0,0.88,42.22801237,56.71843184,14.49041947,1,1,42.78907592,57.13013047,14.34105455,1,1
149,49,45,55,47.2017581,41.34779022,53.65077362,12.3029834,1,60.37199164,53.16059468,67.3783102,14.21771552,1,0.68,45.23356264,54.37635195,9.142789304,0,0,45.36457455,54.21550111,8.850926561,0,0
150,50,45,55,45.20311387,37.78617615,51.48046722,13.69429107,1,71.00203458,65.40740302,77.54184244,12.13443942,0,0.56,43.80560653,58.15587342,14.35026689,1,1,44.11633088,58.01593992,13.89960904,1,1
151,51,45,55,47.54202637,40.56764645,53.9753117,13.40766526,1,63.46110554,56.93882663,69.3620482,12.42322157,0,0.52,46.34438172,56.7387595,10.39437778,0,1,45.68076004,56.39102372,10.71026368,0,1
152,52,45,55,43.97377644,38.6406908,51.06765873,12.42696793,1,65.92863626,58.85853053,75.92483386,17.06630334,0,0.76,42.09145232,52.83415814,10.74270582,1,0,42.23016736,52.61801551,10.38784815,1,0
153,53,45,55,48.74077791,43.87898629,55.28591138,11.40692508,1,68.45270974,57.71280839,81.96357996,24.25077157,0,0.56,48.80946371,58.22587472,9.416411017,0,1,49.3197066,58.61563657,9.295929969,0,1
154,54,45,55,46.80211181,41.09818081,53.44067717,12.34249636,1,62.65577158,55.00704018,69.48804257,14.4810024,1,0.72,45.09609678,54.85989843,9.763801646,0,0,44.8805724,54.74517181,9.864599407,0,0
155,55,45,55,47.62836285,41.80788451,54.42551676,12.61763225,1,68.48990469,61.74036228,75.68369688,13.9433346,0,0.56,47.31360571,58.31371615,11.00011044,0,1,47.11245872,58.1725989,11.06014018,0,1
156,56,45,55,47.39574441,41.52093128,54.04468612,12.52375484,1,64.79290369,58.07652334,71.42536934,13.348846,0,0.6,46.38643406,56.48609539,10.09966133,0,1,46.59013774,56.00448177,9.414344026,0,1
157,57,45,55,47.72736682,41.79092386,53.60703515,11.81611128,1,57.42797515,51.1245548,72.6252485,21.5006937,1,0.76,43.23119988,52.84223514,9.611035264,1,0,42.33575868,51.98528164,9.649522962,1,0
158,58,45,55,45.64083283,39.42946013,52.62549988,13.19603975,1,63.02246523,56.2407959,68.37266954,12.13187364,0,0.64,43.72254312,55.03782976,11.31528664,1,1,43.12126129,54.825478,11.70421671,1,0
159,59,45,55,48.02716265,41.5199793,56.03224844,14.51226914,1,66.86072899,61.66065049,71.26201136,9.601360869,0,0.72,49.48486882,60.91623013,11.43136131,0,1,49.07466972,60.95195057,11.87728086,0,1
160,60,45,55,46.08312339,41.52881255,51.34227923,9.81346668,1,66.96585478,60.26538528,74.28251064,14.01712536,0,0.64,45.87324418,56.13007809,10.25683391,0,1,45.99287123,56.29574923,10.302878,0,1
161,61,45,55,46.06111636,40.60761687,52.81231796,12.20470109,1,70.84494586,60.01641629,82.74740917,22.73099288,0,0.72,43.89785994,54.80457025,10.90671031,1,0,43.89283051,55.00759297,11.11476246,1,0
162,62,45,55,45.30392709,38.91912061,50.63667524,11.71755463,1,55.01854838,48.77170513,62.19577195,13.42406682,1,0.72,40.76451963,49.46565616,8.701136531,1,0,40.78133694,49.63757937,8.856242431,1,0
163,63,45,55,49.0512184,43.15070763,55.13280568,11.98209805,1,59.2296565,54.16962095,64.59318472,10.42356377,1,0.76,46.95600844,55.89170244,8.935693996,0,1,46.91838776,55.73861662,8.820228861,0,1
164,64,45,55,46.1718748,38.62533053,52.14721695,13.52188642,1,67.76088584,60.91000103,74.95818011,14.04817908,0,0.68,44.92428648,56.76532838,11.84104189,1,1,45.30172123,57.41139335,12.10967212,1,1
165,65,45,55,51.43238682,46.68546635,56.36346833,9.678001979,0,67.01634861,59.25124921,78.26408208,19.01283288,0,0.56,50.96831172,59.07305887,8.104747156,0,1,50.7215843,58.85095531,8.129371008,0,1
166,66,45,55,48.09025726,42.35606258,54.12952243,11.77345985,1,74.23148769,67.97892404,80.38851504,12.40959099,0,0.36,50.35719246,63.29101519,12.93382273,0,1,50.6345379,63.30947478,12.67493688,0,1
167,67,45,55,48.71416051,43.46389237,54.72312544,11.25923307,1,62.45996197,56.15239606,69.22882156,13.07642551,0,0.72,47.12133957,55.25184894,8.130509364,0,1,47.69372112,55.61231544,7.91859432,0,1
168,68,45,55,49.96061454,44.21959811,55.79450253,11.57490442,1,65.4289921,59.38495708,71.39208373,12.00712665,0,0.52,49.88793912,59.28203037,9.394091246,0,1,49.88358009,59.26089828,9.377318193,0,1
169,69,45,55,45.01350931,39.7860335,50.53177689,10.74574339,1,67.28727374,59.55534538,82.3989927,22.84364732,0,0.68,42.94513593,53.26735233,10.3222164,1,0,42.95916238,53.71225502,10.75309264,1,0
170,70,45,55,45.47239657,38.78289252,52.36811642,13.5852239,1,64.5474611,59.51695024,69.44736064,9.930410399,0,0.76,44.11658102,55.9913299,11.87474888,1,1,43.98159859,55.95272096,11.97112237,1,1
171,71,45,55,44.89506772,39.24224621,52.90493785,13.66269164,1,65.72747682,58.32481417,80.74548476,22.4206706,0,0.76,42.83971372,53.91079958,11.07108585,1,0,43.13750867,53.60931523,10.47180656,1,0
172,72,45,55,49.08195918,43.04903157,56.28271682,13.23368524,1,69.33072534,60.82331456,77.08031004,16.25699548,0,0.72,47.79372352,59.43364298,11.63991946,0,1,47.39496875,59.38030922,11.98534048,0,1
173,73,45,55,41.89797922,36.16955165,49.24324798,13.07369634,1,69.12252784,59.6669724,87.35471656,27.68774416,0,0.68,36.83046095,49.0715883,12.24112735,1,0,35.99122781,49.03457758,13.04334977,1,0
174,74,45,55,43.49515023,37.71654433,50.83175035,13.11520602,1,67.95204667,60.2051876,76.14715972,15.94197212,0,0.64,41.31199755,53.70816781,12.39617026,1,0,41.55570735,53.46275621,11.90704886,1,0
175,75,45,55,45.60564347,39.50572971,52.08421603,12.57848632,1,68.08386049,62.37552207,74.77232751,12.39680545,0,0.68,45.20018553,57.43513111,12.23494558,0,1,45.5568631,57.99591138,12.43904828,0,1
176,76,45,55,45.44579379,40.13874951,50.87970591,10.74095641,1,70.26337387,62.72115183,78.19844674,15.4772949,0,0.76,43.87898882,55.13571381,11.25672499,1,1,44.23700253,55.82768458,11.59068204,1,1
177,77,45,55,46.55467758,41.55225286,51.9558703,10.40361743,1,68.26627514,59.94761228,81.1624751,21.21486282,0,0.8,45.88075909,56.26077625,10.38001716,0,1,45.98144176,56.47755415,10.49611239,0,1
178,78,45,55,43.29332842,39.1843727,48.75445139,9.570078697,1,69.73278034,57.29989044,80.53795492,23.23806448,0,0.68,40.28294368,49.89779949,9.614855808,1,0,40.16784029,50.18662671,10.01878642,1,0
179,79,45,55,41.7229511,36.33431922,46.57745179,10.24313257,1,61.92828111,50.1151981,71.76570669,21.65050859,1,0.64,36.35025782,45.97598791,9.62573009,1,0,36.50626543,45.81911416,9.312848729,1,0
180,80,45,55,49.52296327,44.25648759,54.45092088,10.19443329,1,59.7971232,54.55597899,65.61337487,11.05739588,1,0.8,47.8647449,55.8654139,8.000669008,0,1,47.24517245,55.61216471,8.366992259,0,1
181,81,45,55,44.20979049,38.87476621,50.16166751,11.2869013,1,60.05626349,51.40231726,68.7034089,17.30109164,1,0.64,40.13023289,49.91092106,9.780688178,1,0,40.31351619,49.82394952,9.51043333,1,0
182,82,45,55,45.75771996,39.55209187,51.32233473,11.77024286,1,69.39191308,61.13481163,77.84100061,16.70618898,0,0.56,43.62480046,55.31788812,11.69308766,1,1,44.0048652,55.32453467,11.31966947,1,1
183,83,45,55,46.8938476,42.03324351,51.88174037,9.848496856,1,65.93289082,56.964115,79.48998816,22.52587316,0,0.64,45.05376902,54.76119068,9.707421666,0,0,45.42592525,55.74311445,10.3171892,0,1
184,84,45,55,49.55196935,43.50367474,55.11502553,11.61135079,1,64.3524826,56.93191763,71.1145103,14.18259266,0,0.72,47.84626769,56.52176468,8.675496994,0,1,47.96251798,56.85769057,8.895172594,0,1
185,85,45,55,43.62839795,38.8284867,48.77152009,9.943033395,1,78.49038474,66.59135301,87.36762575,20.77627274,0,0.72,40.10011657,51.85589122,11.75577465,1,0,40.08112043,52.13102232,12.0499019,1,0
186,86,45,55,45.58332597,39.74466643,51.74487346,12.00020703,1,64.95806069,54.87340763,79.38371052,24.51030289,1,0.64,42.91350341,52.60411312,9.690609708,1,0,42.54269193,52.40051111,9.857819177,1,0
187,87,45,55,49.08928763,43.60163681,53.87995265,10.27831584,1,57.96055904,52.87259711,63.12749184,10.25489473,1,0.56,47.14514118,54.99469714,7.849555962,0,0,46.18840055,54.41330276,8.224902208,0,0
188,88,45,55,43.85102511,38.15893019,49.78946132,11.63053113,1,74.04437253,64.52260343,88.87289697,24.35029354,0,0.76,39.4613079,51.15438299,11.69307509,1,0,39.18826832,51.1402113,11.95194297,1,0
189,89,45,55,45.21862621,39.27193498,52.80006052,13.52812554,1,60.97911841,54.85627743,66.80966468,11.95338725,1,0.64,42.11059811,53.41755123,11.30695313,1,0,41.16244296,52.72503768,11.56259472,1,0
190,90,45,55,47.37800669,42.69179452,52.45012671,9.758332192,1,71.99865586,65.13220346,77.94461604,12.81241258,0,0.6,47.97510462,58.84556436,10.87045975,0,1,48.14575904,59.168528,11.02276896,0,1
191,91,45,55,43.75379066,37.61399424,49.82116541,12.20717117,1,69.95174985,62.58341892,80.88601832,18.3025994,0,0.68,39.8941654,52.60544548,12.71128008,1,0,39.74907784,52.72044663,12.97136878,1,0
192,92,45,55,43.54243333,38.9301442,49.76334453,10.83320033,1,71.06860524,64.54523522,76.89001318,12.34477796,0,0.68,43.72521642,55.87333267,12.14811625,1,1,44.33511791,57.08973305,12.75461514,1,1
193,93,45,55,45.97239065,39.30411192,51.9485064,12.64439447,1,69.38067324,60.42331874,77.39252529,16.96920655,0,0.68,44.47771939,56.12686137,11.64914198,1,1,44.49447705,56.16607833,11.67160128,1,1
194,94,45,55,48.51211417,42.75740004,54.6817973,11.92439726,1,64.41252104,56.38951358,74.43043277,18.04091919,0,0.56,46.96517201,56.22790232,9.26273031,0,1,46.66722054,56.05435859,9.387138057,0,1
195,95,45,55,49.13363125,42.26619549,54.90667215,12.64047666,1,66.40048515,58.88266207,72.43827456,13.5556125,0,0.64,49.41829565,59.55156832,10.13327267,0,1,49.07988326,59.39751784,10.31763458,0,1
196,96,45,55,46.74970527,41.20862228,52.96670648,11.7580842,1,61.25231879,53.69223003,75.58531674,21.89308671,1,0.88,43.70725343,52.63113333,8.923879899,1,0,43.71397006,52.66336135,8.949391292,1,0
197,97,45,55,47.62433564,40.59732095,54.73188942,14.13456847,1,62.4192752,55.54201934,68.77484137,13.23282203,0,0.64,45.2619944,56.0536622,10.7916678,0,1,45.08597056,56.02715364,10.94118307,0,1
198,98,45,55,42.71136459,37.13258537,48.15938545,11.02680007,1,64.41808613,58.59412853,70.11289514,11.51876661,0,0.84,39.97946647,50.65941255,10.67994608,1,0,40.44401167,51.60836517,11.1643535,1,0
199,99,45,55,45.90575732,40.36425701,51.31496816,10.95071115,1,64.36184822,57.10755239,72.77617832,15.66862593,0,0.8,43.38479336,53.19972535,9.814931989,1,0,43.60483785,53.88300895,10.27817109,1,0
200,100,45,55,50.81387959,44.70293596,55.83702975,11.13409379,1,63.66193052,57.7390075,70.36073057,12.62172306,0,0.52,49.62852616,58.35733004,8.728803881,0,1,49.39806377,58.07214073,8.67407696,0,1
201,1,25,75,33.93376214,28.44479473,40.79874031,12.35394558,0,81.54575006,76.90273432,87.0828829,10.18014859,0,1,42.44410765,68.2045609,25.76045324,0,0,41.6595494,68.11143042,26.45188101,0,0
202,2,25,75,39.07333638,33.11863048,45.12281711,12.00418663,0,79.03026375,73.16892472,85.42583132,12.2569066,1,0.96,35.73674097,57.72126818,21.9845272,0,0,36.32696276,58.9996527,22.67268994,0,0
203,3,25,75,39.82738576,34.16180786,48.5783479,14.41654004,0,79.4356366,73.84124808,85.51399354,11.67274546,1,1,45.38351712,67.06152901,21.67801189,0,0,44.1752395,66.48927431,22.31403482,0,0
204,4,25,75,39.14689338,33.53860577,44.20467273,10.66606696,0,82.6763356,75.22031759,89.90231716,14.68199958,0,0.84,42.31839294,66.15005162,23.83165868,0,0,42.55812825,66.64824681,24.09011856,0,0
205,5,25,75,41.56936009,34.61106637,52.04771917,17.4366528,0,79.91400935,73.3128797,86.54010951,13.22722981,1,1,45.70391352,67.21601234,21.51209882,0,0,45.07796952,66.30586707,21.22789755,0,0
206,6,25,75,38.49559929,32.4076835,44.75453532,12.34685182,0,80.53266489,74.85865957,86.04566863,11.18700906,0,0.88,38.75826617,61.870919,23.11265283,0,0,39.74624197,62.75229238,23.00605041,0,0
207,7,25,75,31.56030675,28.10002598,34.96155072,6.861524733,0,79.09249046,72.0038106,85.24067038,13.23685977,1,1,31.66154815,51.90982759,20.24827945,0,0,32.80365518,53.003564,20.19990882,0,0
208,8,25,75,42.47676876,35.8499513,49.51437113,13.66441984,0,78.3125134,72.81498935,84.22945833,11.41446898,1,0.96,41.44882107,63.8044096,22.35558853,0,0,40.72873468,62.93734397,22.20860929,0,0
209,9,25,75,42.29078054,32.49800568,50.36018419,17.86217851,0,79.79098599,72.27796956,85.88052878,13.60255922,1,0.84,34.03892531,58.35843407,24.31950876,0,0,35.31037039,59.0127315,23.7023611,0,0
210,10,25,75,40.90415599,34.43436981,50.21424661,15.7798768,0,74.84150241,70.44531555,79.78579137,9.340475816,1,0.92,41.49234995,59.73951885,18.2471689,0,0,42.83875141,60.66947313,17.83072172,0,0
211,11,25,75,29.09125883,23.75768676,34.89749081,11.13980405,1,82.0675364,74.9883653,88.31948573,13.33112042,0,0.96,35.33433817,62.26796253,26.93362435,0,0,34.57616039,61.60803276,27.03187237,0,0
212,12,25,75,38.34750277,32.2565734,46.0082533,13.7516799,0,78.86020873,71.96521021,84.60559966,12.64038944,1,0.92,33.91796417,54.28486666,20.36690248,0,0,34.58750588,54.34819978,19.7606939,0,0
213,13,25,75,32.38134091,28.05147032,37.21510019,9.163629863,0,76.12279416,71.37472087,80.66830829,9.293587417,1,1,33.96397004,57.17517342,23.21120338,0,0,33.81638324,56.41337851,22.59699527,0,0
214,14,25,75,42.87571077,35.11379789,53.22228281,18.10848492,0,78.28865571,72.18408671,84.07282686,11.88874015,1,0.92,42.2718399,63.26526751,20.99342761,0,0,41.77192828,62.13628066,20.36435238,0,0
215,15,25,75,31.66387974,27.56195924,35.99697088,8.435011631,0,79.82369382,74.5644692,84.95067499,10.38620579,1,1,34.91651883,59.77118712,24.85466829,0,0,36.03792903,59.97854576,23.94061673,0,0
216,16,25,75,41.13660026,34.34586421,50.5140748,16.16821059,0,79.47836779,75.19350295,83.23260002,8.039097069,0,1,46.98210173,69.36967878,22.38757705,0,0,45.38229081,68.36536749,22.98307668,0,0
217,17,25,75,39.31043699,33.49400388,47.13079052,13.63678664,0,76.70087358,71.33836829,82.82972188,11.49135359,1,0.92,38.92244687,57.57051724,18.64807037,0,0,39.44118911,57.640214,18.19902488,0,0
218,18,25,75,30.45135246,26.10566498,35.56306266,9.457397684,0,79.02770728,74.21883887,83.63241034,9.41357147,1,0.96,35.21683844,59.35455085,24.13771241,0,0,36.02194613,60.61350975,24.59156361,0,0
219,19,25,75,47.59936259,39.27511782,56.32320598,17.04808816,0,79.31895751,72.33239634,84.62595846,12.29356212,1,0.72,47.5128477,68.16300421,20.65015651,0,0,46.34283526,66.82376042,20.48092516,0,0
220,20,25,75,42.80272629,34.81640129,50.04283078,15.22642948,0,80.9422316,74.41160435,86.07282353,11.66121918,1,0.88,42.19632306,65.46267754,23.26635448,0,0,41.62497655,64.79109579,23.16611924,0,0
221,21,25,75,37.15183533,31.44045744,43.01383498,11.57337753,0,78.62984712,70.81772094,84.59272724,13.7750063,1,0.96,39.65714644,60.76227914,21.1051327,0,0,39.83288095,59.51451842,19.68163747,0,0
222,22,25,75,37.48291893,31.04833009,43.79088993,12.74255984,0,78.68260168,74.21840697,82.88159154,8.663184578,1,0.96,41.36924673,65.90373533,24.5344886,0,0,39.47434731,64.76902441,25.29467709,0,0
223,23,25,75,44.22830007,35.20019124,52.65029252,17.45010128,0,80.34093097,73.14228265,86.58808462,13.44580197,1,0.8,41.74733545,64.27333556,22.52600011,0,0,41.21092849,63.41719445,22.20626596,0,0
224,24,25,75,33.42045115,27.96851906,39.55982688,11.59130782,0,76.30601836,71.23126263,81.78346123,10.55219861,1,1,36.22737029,59.18751885,22.96014856,0,0,37.47619309,60.34496441,22.86877132,0,0
225,25,25,75,41.63620307,34.98492853,48.64633875,13.66141021,0,83.15582459,75.03335167,89.55501852,14.52166684,0,0.88,39.02353248,61.71376959,22.6902371,0,0,40.09422711,62.23520615,22.14097905,0,0
226,26,25,75,39.03877555,32.70707087,45.44103725,12.73396637,0,83.41817291,75.13574427,89.36754841,14.23180413,0,0.92,45.75770287,70.52540894,24.76770607,0,0,45.4920399,69.44871208,23.95667218,0,0
227,27,25,75,34.08862926,29.63141779,39.01213596,9.38071817,0,76.00355829,70.2555687,80.64278228,10.38721358,1,1,34.58328364,56.95026681,22.36698317,0,0,35.17937354,57.75504032,22.57566677,0,0
228,28,25,75,39.93740042,33.76889894,45.63183018,11.86293124,0,75.83319463,70.41524509,80.35092,9.935674911,1,0.92,37.44755603,58.63219414,21.18463811,0,0,37.23400195,57.87626732,20.64226537,0,0
229,29,25,75,42.25488168,34.70496694,48.79892821,14.09396127,0,81.45806631,75.88704797,87.19930372,11.31225575,0,1,33.22896547,58.80902041,25.58005494,0,0,34.04157064,59.16374557,25.12217493,0,0
230,30,25,75,37.08650016,31.11034212,42.74289385,11.63255172,0,78.76891225,71.41895653,85.10777499,13.68881846,1,0.96,32.449408,53.78837654,21.33896853,0,0,33.35823559,53.843955,20.4857194,0,0
231,31,25,75,36.22043076,29.94068292,42.95511002,13.0144271,0,74.92940872,66.76796881,81.79417794,15.02620913,1,1,27.43624094,45.90616705,18.46992611,0,0,29.03523188,46.34592288,17.31069099,0,0
232,32,25,75,44.41631479,38.81094679,51.42250621,12.61155943,0,81.77627671,75.77276365,86.18991411,10.41715046,0,0.84,51.25070648,70.24635885,18.99565237,0,0,52.31089557,71.07269674,18.76180117,0,0
233,33,25,75,45.21859174,37.40451373,53.19160365,15.78708992,0,80.78934494,74.8643322,85.72923364,10.86490144,0,0.92,46.78155037,68.1435524,21.36200202,0,0,47.18324942,68.32825396,21.14500454,0,0
234,34,25,75,41.73988468,34.91744112,49.58024819,14.66280707,0,80.41352669,73.94085164,86.20909781,12.26824618,1,0.96,36.35391243,60.56558646,24.21167403,0,0,36.28820215,59.84478925,23.55658711,0,0
235,35,25,75,44.47858027,35.66219559,53.91115442,18.24895883,0,80.76053122,72.79661956,87.47434275,14.67772319,1,0.92,42.45864105,63.66629661,21.20765556,0,0,42.16357728,62.96560979,20.80203251,0,0
236,36,25,75,44.64790173,37.9769623,53.01777328,15.04081098,0,80.65102798,75.30137694,85.57903172,10.27765479,0,0.92,39.3454271,62.66772416,23.32229706,0,0,40.62521878,62.76079712,22.13557834,0,0
237,37,25,75,38.22986354,31.02070686,45.06091866,14.0402118,0,81.20064835,76.18703059,86.52334273,10.33631215,0,1,42.85446579,67.5165058,24.66204,0,0,43.25222179,66.86091918,23.60869739,0,0
238,38,25,75,40.26707466,32.8763778,49.02387526,16.14749746,0,74.89359395,69.46165707,79.57133771,10.10968064,1,0.92,40.14832742,60.15337607,20.00504865,0,0,40.10262505,58.88769437,18.78506932,0,0
239,39,25,75,39.5403223,33.41445095,51.06704253,17.65259159,0,79.7431142,71.2043266,87.04686356,15.84253697,1,0.92,41.39914225,62.12364264,20.7245004,0,0,41.3886715,62.00546085,20.61678935,0,0
240,40,25,75,34.38279518,29.39659566,39.85951971,10.46292405,0,82.20226166,76.44019844,88.39074204,11.9505436,0,0.96,38.92863108,63.44797952,24.51934843,0,0,38.58334042,63.69679958,25.11345915,0,0
241,41,25,75,29.77774516,25.87052116,34.27374821,8.403227056,0,81.39021539,73.54345807,89.94586954,16.40241147,1,1,27.88871639,49.37776469,21.48904829,0,0,29.21061212,51.33045698,22.11984486,0,0
242,42,25,75,44.44215033,36.01645149,52.49069286,16.47424137,0,78.64964275,72.95736749,84.78638603,11.82901854,1,0.92,44.33961698,64.27052101,19.93090403,0,0,45.3284813,64.90341372,19.57493242,0,0
243,43,25,75,41.17562339,34.40695781,48.18315511,13.7761973,0,79.68759176,73.44991052,85.95996926,12.51005874,1,1,44.80490472,65.99442606,21.18952134,0,0,45.11832998,65.94024897,20.82191899,0,0
244,44,25,75,38.98863169,32.98031114,46.1420394,13.16172826,0,81.15363083,73.98080451,87.50980791,13.5290034,1,0.88,43.43063982,65.09918172,21.66854189,0,0,42.8943228,65.67948236,22.78515956,0,0
245,45,25,75,43.23626894,35.70987406,54.87185993,19.16198588,0,79.59983484,74.13047691,85.25513697,11.12466006,1,0.96,47.24164882,70.38317996,23.14153114,0,0,45.94230359,68.58193876,22.63963517,0,0
246,46,25,75,40.83904557,33.31272014,49.00515879,15.69243865,0,76.45681037,71.13880128,81.41899512,10.28019384,1,0.92,42.72564599,63.34357342,20.61792744,0,0,41.95721804,61.74823665,19.79101861,0,0
247,47,25,75,30.91239672,27.02503556,35.12780581,8.102770251,0,80.21459255,74.92758402,84.50443376,9.576849742,0,0.96,32.05633511,55.62285932,23.56652421,0,0,33.05640808,56.86921862,23.81281053,0,0
248,48,25,75,31.60552098,26.98117774,36.6787317,9.697553957,0,83.06971773,78.34991211,87.90277863,9.552866519,0,0.96,34.68571285,60.59818539,25.91247254,0,0,35.4272673,60.51428873,25.08702143,0,0
249,49,25,75,35.11806895,30.48742404,40.27876356,9.79133952,0,80.08717461,72.47484142,86.3728794,13.89803797,1,0.92,40.94937161,62.36781446,21.41844285,0,0,40.93950314,62.0314105,21.09190737,0,0
250,50,25,75,45.20208478,38.11049031,52.81689962,14.7064093,0,78.9627386,70.91712238,85.75143807,14.83431569,1,0.8,39.02192989,58.34845106,19.32652117,0,0,37.81940509,57.80533847,19.98593338,0,0
251,51,25,75,36.42810821,30.8458452,42.28022994,11.43438474,0,76.74799328,70.74741397,81.83165175,11.08423778,1,0.96,27.39442858,50.72970786,23.33527928,0,0,28.91033563,51.49724798,22.58691235,0,0
252,52,25,75,35.64845166,30.46984927,40.97876509,10.50891582,0,75.97416661,67.80204788,83.78997849,15.98793061,1,1,28.42571892,47.03295103,18.60723211,0,0,29.10460104,47.97068941,18.86608836,0,0
253,53,25,75,34.86198838,30.5957206,40.23914163,9.643421029,0,79.417974,72.80323974,85.84713596,13.04389622,1,0.96,35.26855867,57.25294319,21.98438452,0,0,36.2928248,57.83913437,21.54630957,0,0
254,54,25,75,32.24276123,27.50512395,36.9563885,9.451264552,0,81.50818684,77.04070876,86.41638514,9.375676386,0,0.96,31.74554103,56.64551173,24.8999707,0,0,31.49173272,57.51432421,26.02259148,0,0
255,55,25,75,41.32537984,35.201524,47.24795916,12.04643516,0,82.66558293,74.89568378,89.08708146,14.19139768,0,0.96,38.5942563,61.67085464,23.07659834,0,0,37.93870621,61.37791796,23.43921175,0,0
256,56,25,75,29.85944646,25.80849018,35.03911409,9.23062391,0,69.1410658,64.34171795,74.65484058,10.31312264,0,1,24.20406729,42.81215482,18.60808753,1,0,25.34989305,44.21130325,18.8614102,0,0
257,57,25,75,37.00577215,31.15073713,41.72252946,10.57179233,0,80.87416024,72.35533726,86.62420334,14.26886608,1,0.92,37.12680558,59.94242332,22.81561774,0,0,38.27360089,61.02261879,22.7490179,0,0
258,58,25,75,31.43099583,27.06061306,38.23966972,11.17905665,0,78.311238,72.65501055,83.5059868,10.85097625,1,1,43.16325079,66.56413522,23.40088443,0,0,41.99548658,66.12233489,24.12684831,0,0
259,59,25,75,37.5293148,32.13666469,43.46307628,11.32641158,0,81.03459575,75.35667542,86.29285611,10.93618069,0,0.88,37.7839904,61.29843631,23.51444591,0,0,39.16412971,62.02945978,22.86533007,0,0
260,60,25,75,39.61372415,33.70130784,45.13731779,11.43600995,0,79.86558284,75.46268343,83.97791512,8.515231691,0,1,39.13962034,63.05793174,23.9183114,0,0,39.667358,62.50137215,22.83401415,0,0
261,61,25,75,35.89906805,30.63234006,42.76771979,12.13537973,0,79.46660071,69.13432384,86.43837776,17.30405393,1,1,33.23493645,55.15761083,21.92267438,0,0,33.01732183,55.06373232,22.04641049,0,0
262,62,25,75,41.40674444,31.65801377,51.40231338,19.74429961,0,81.34208844,74.97501455,87.67553379,12.70051924,0,0.88,49.50238138,71.46358622,21.96120483,0,0,48.87515588,70.75754989,21.88239401,0,0
263,63,25,75,38.86997792,31.17819789,48.08428885,16.90609097,0,79.00417556,72.31120096,86.01300613,13.70180517,1,1,39.15589351,64.07740956,24.92151605,0,0,37.82249781,64.36406064,26.54156283,0,0
264,64,25,75,32.061726,27.37353856,37.48675809,10.11321953,0,81.14358891,76.71271509,85.88232138,9.16960629,0,1,31.15316479,56.28749809,25.1343333,0,0,32.32166663,57.96605286,25.64438623,0,0
265,65,25,75,37.38805266,31.61223633,42.8900745,11.27783817,0,78.36405785,73.15164355,83.57977022,10.42812667,1,1,31.35881345,55.0516172,23.69280375,0,0,31.59801657,55.34800973,23.74999316,0,0
266,66,25,75,44.28081972,36.38956329,52.21574628,15.82618298,0,74.34674377,69.16327776,78.95640124,9.793123488,1,0.88,45.76439261,62.7001851,16.93579248,0,0,46.08116114,63.24509846,17.16393731,0,0
267,67,25,75,30.82508888,26.66691232,35.46481123,8.797898912,0,79.55854218,73.85164771,84.12479863,10.27315093,1,1,34.19318247,57.67188903,23.47870656,0,0,33.93673482,57.66443305,23.72769823,0,0
268,68,25,75,37.32573591,32.15249148,43.64489395,11.49240247,0,78.2185753,73.29395968,83.00466106,9.710701388,1,0.96,40.68637784,64.36916568,23.68278784,0,0,40.06472626,63.49132313,23.42659687,0,0
269,69,25,75,36.18216291,30.72577111,41.48014777,10.75437666,0,76.451607,71.67802213,81.4049761,9.726953978,1,0.96,29.23311405,50.95823674,21.72512269,0,0,28.97840009,51.91353831,22.93513822,0,0
270,70,25,75,37.16900511,31.10705581,43.10637129,11.99931548,0,78.83778113,70.36630821,86.28357603,15.91726782,1,1,32.53274792,55.12450403,22.59175611,0,0,34.32774453,57.10173776,22.77399323,0,0
271,71,25,75,35.27601531,29.26074428,41.14638022,11.88563594,0,74.80279056,69.11413839,80.23521008,11.12107169,1,0.96,32.84219506,55.87979593,23.03760086,0,0,32.60523565,55.65946528,23.05422964,0,0
272,72,25,75,46.81161128,37.48079183,54.84925419,17.36846236,0,80.83237049,74.53440283,86.35679757,11.82239474,1,0.88,42.95840808,66.46580047,23.50739239,0,0,41.6821499,66.05837261,24.37622272,0,0
273,73,25,75,27.38374211,22.97357682,34.21197708,11.23840026,1,78.08065516,71.89383893,83.54574902,11.65191008,1,0.88,31.51980492,56.24205475,24.72224983,0,0,32.48422234,57.63627879,25.15205645,0,0
274,74,25,75,43.51277112,34.96627275,52.06619043,17.09991768,0,77.94373782,70.07411695,84.37925673,14.30513978,1,0.88,43.19021323,64.76587091,21.57565767,0,0,43.33322339,64.54450268,21.2112793,0,0
275,75,25,75,40.34913164,33.49829834,48.06280696,14.56450862,0,81.44871406,75.17078653,86.30648107,11.13569454,0,0.88,42.19082454,66.4506735,24.25984896,0,0,41.97542247,65.61466438,23.63924191,0,0
276,76,25,75,41.74417417,34.5963079,48.86281669,14.26650879,0,82.7054247,73.85667388,89.90263724,16.04596336,1,0.96,34.43942957,56.63313005,22.19370048,0,0,35.35338058,57.22551703,21.87213645,0,0
277,77,25,75,40.18035091,33.97882262,48.56853231,14.58970969,0,78.33352386,72.7722742,84.31280634,11.54053215,1,0.84,34.74846236,56.44232057,21.69385821,0,0,34.9738664,57.2041228,22.2302564,0,0
278,78,25,75,41.1717455,33.55436947,48.58053075,15.02616128,0,83.03649807,75.56181905,88.7030359,13.14121685,0,1,45.37478401,69.1507933,23.77600928,0,0,43.869621,69.6885712,25.8189502,0,0
279,79,25,75,29.95270278,25.84152589,34.06998768,8.228461786,0,81.35725392,72.89365853,88.30653219,15.41287366,1,1,34.19532555,58.30745404,24.11212848,0,0,35.00037205,58.7703829,23.77001086,0,0
280,80,25,75,44.9078703,34.80660032,53.71542472,18.9088244,0,79.16704606,73.5029433,84.54210634,11.03916305,1,0.84,37.0067015,60.45905064,23.45234914,0,0,37.89731868,60.28282971,22.38551103,0,0
281,81,25,75,38.02052173,29.87571208,43.81609912,13.94038705,0,77.31635696,71.63625505,81.78271042,10.14645537,1,0.88,36.89713804,60.44120296,23.54406492,0,0,36.63269649,60.19245339,23.5597569,0,0
282,82,25,75,40.56487701,33.71024202,48.22949252,14.5192505,0,80.26544992,74.92003567,84.9474933,10.02745763,0,0.88,44.43564609,67.67877247,23.24312638,0,0,44.10274278,67.97415963,23.87141686,0,0
283,83,25,75,41.05054021,32.3653866,52.84734928,20.48196268,0,79.55902106,72.61091279,86.35394653,13.74303375,1,0.88,41.50049302,63.97301463,22.47252161,0,0,41.5221248,62.80836682,21.28624201,0,0
284,84,25,75,37.94244185,27.6861082,49.57569575,21.88958756,0,77.52312342,71.16315584,85.31817091,14.15501507,1,1,42.02354831,64.73337798,22.70982967,0,0,41.40396904,64.06145797,22.65748893,0,0
285,85,25,75,34.61235799,29.82706279,39.48482884,9.657766042,0,81.24773913,75.38908488,87.21796837,11.82888348,0,0.96,39.51068477,61.63396895,22.12328418,0,0,39.48865752,61.71185698,22.22319946,0,0
286,86,25,75,43.18219314,34.95241349,50.14847397,15.19606048,0,76.39491951,71.97459601,80.00745614,8.032860124,1,0.88,40.76889668,63.9971282,23.22823152,0,0,40.81804088,63.52350612,22.70546524,0,0
287,87,25,75,40.94692488,33.50656298,49.10976137,15.60319839,0,79.98127657,73.47262349,86.21247319,12.7398497,1,0.92,37.03025034,61.00404404,23.9737937,0,0,36.45289616,61.20311249,24.75021633,0,0
288,88,25,75,33.45116976,28.29890736,39.47861861,11.17971126,0,78.05806174,71.20603466,84.77623196,13.57019731,1,0.96,30.13666487,54.0310815,23.89441663,0,0,30.05338848,53.34248249,23.28909401,0,0
289,89,25,75,40.38462217,32.49531733,50.52374796,18.02843063,0,76.7428218,70.47408486,84.3029768,13.82889194,1,0.92,35.80517875,57.22793796,21.42275921,0,0,35.01732314,57.85759972,22.84027658,0,0
290,90,25,75,46.3627161,39.26393176,54.26776058,15.00382882,0,81.19422977,73.81309411,88.43293178,14.61983766,1,0.84,36.72213533,60.9717742,24.24963887,0,0,36.91793824,60.15851902,23.24058078,0,0
291,91,25,75,31.79807841,27.33364576,37.12976107,9.796115314,0,74.66691053,70.81269478,78.51771276,7.705017983,1,0.96,36.50706003,58.77856792,22.27150789,0,0,35.73526779,59.54583222,23.81056443,0,0
292,92,25,75,33.17402254,29.24811853,37.26313819,8.015019666,0,79.3541177,75.216219,83.12859995,7.912380954,0,0.96,32.99972917,54.69858188,21.69885272,0,0,33.83584472,55.20713958,21.37129486,0,0
293,93,25,75,32.38249962,28.07896384,37.30360174,9.224637899,0,77.44397447,72.38122455,81.79091058,9.409686031,1,0.96,30.6122244,53.03355274,22.42132835,0,0,30.76153333,53.3246516,22.56311827,0,0
294,94,25,75,32.3625532,28.00301182,36.67403926,8.671027445,0,83.80700855,77.49275882,89.9977161,12.50495729,0,1,42.48647699,67.36640708,24.87993009,0,0,41.92974765,66.82888882,24.89914117,0,0
295,95,25,75,30.19822458,26.96594724,33.59961962,6.633672381,0,82.04490341,76.99462254,86.75244481,9.757822277,0,1,38.46856107,62.62104677,24.15248571,0,0,38.33518246,63.3912077,25.05602523,0,0
296,96,25,75,43.8875563,34.58014991,52.07346032,17.4933104,0,79.32198063,70.12332205,88.28283429,18.15951224,1,0.88,35.70225478,57.30067553,21.59842075,0,0,36.21416505,58.12180958,21.90764453,0,0
297,97,25,75,41.79254492,34.53286247,48.67171002,14.13884756,0,80.63716266,75.27076517,85.61031801,10.33955283,0,0.92,44.24455042,67.24881525,23.00426483,0,0,43.34546968,66.34448567,22.99901598,0,0
298,98,25,75,41.438172,35.48498349,48.2364754,12.75149191,0,82.54367049,75.79156285,88.1530189,12.36145605,0,0.96,45.24631924,67.96585592,22.71953668,0,0,46.03003057,67.88069844,21.85066787,0,0
299,99,25,75,38.47062027,32.81622944,43.71515614,10.8989267,0,82.30928834,76.90994057,86.81781265,9.907872079,0,0.88,33.12308832,54.94358937,21.82050104,0,0,33.92841625,55.14012127,21.21170502,0,0
300,100,25,75,35.77936464,29.83111478,42.57945275,12.74833798,0,78.67114383,72.32972859,85.01404601,12.68431742,1,0.96,42.68152376,64.11697588,21.43545212,0,0,42.36997414,64.223509,21.85353486,0,0
301,1,30,70,40.61262194,34.45775129,48.53368877,14.07593748,0,79.70256103,73.42725074,85.49834402,12.07109328,0,0.96,43.75341852,65.89363713,22.14021861,0,0,43.51286281,66.11819759,22.60533478,0,0
302,2,30,70,36.11343837,31.26162209,41.43669501,10.17507292,0,79.28874362,69.45384898,86.48146916,17.02762018,1,0.88,33.06512757,50.63191443,17.56678686,0,0,33.91154146,51.87007453,17.95853307,0,0
303,3,30,70,44.64675027,36.74211865,51.98772915,15.2456105,0,74.52906608,66.23701558,82.46485256,16.22783698,1,0.8,34.29725662,52.07284159,17.77558497,0,0,33.15933999,51.09584465,17.93650466,0,0
304,4,30,70,38.93241049,32.14284941,45.90247714,13.75962773,0,75.01576981,68.52681986,81.57719016,13.0503703,1,0.96,40.48102903,60.1782694,19.69724036,0,0,39.66286041,60.10923699,20.44637658,0,0
305,5,30,70,42.79364078,34.97256182,50.41592898,15.44336716,0,73.92258411,64.49870241,81.32209414,16.82339174,1,0.84,36.24966487,53.76446099,17.51479612,0,0,36.00770822,54.09149774,18.08378952,0,0
306,6,30,70,45.50720173,38.14089532,52.81593572,14.67504041,0,76.69942215,70.76512357,83.415813,12.65068942,0,0.8,37.83357166,57.88111632,20.04754467,0,0,37.99785832,58.09868246,20.10082414,0,0
307,7,30,70,42.13804622,35.85932099,49.78489454,13.92557355,0,74.65508473,67.63192387,79.6562544,12.02433053,1,0.88,42.32683022,60.11403487,17.78720465,0,0,42.15995324,60.13870053,17.97874729,0,0
308,8,30,70,37.89970575,31.72814347,44.80140406,13.07326059,0,79.52727026,72.66538399,86.5026827,13.83729871,0,0.96,37.4860581,60.92659603,23.44053793,0,0,38.08508031,61.29793794,23.21285763,0,0
309,9,30,70,43.82101366,35.71283829,52.57562355,16.86278526,0,77.97989979,71.34201481,82.75173002,11.40971521,0,0.8,34.67315039,55.21418317,20.54103278,0,0,34.90395887,55.36633242,20.46237355,0,0
310,10,30,70,41.66171514,34.90662464,50.80103469,15.89441005,0,76.48180565,71.05869619,81.41846662,10.35977043,0,0.96,45.27905347,64.32829321,19.04923974,0,0,44.68395544,63.77578,19.09182456,0,0
311,11,30,70,43.5097934,36.20914513,52.13979867,15.93065355,0,76.28214663,69.65799474,81.62519518,11.96720044,1,0.88,36.53511798,55.24094249,18.70582451,0,0,36.6818494,55.94801713,19.26616774,0,0
312,12,30,70,37.57394452,32.05880019,42.64262898,10.58382879,0,74.98955441,71.05908961,78.61869842,7.559608809,0,1,36.64338425,56.87952857,20.23614432,0,0,37.37267594,57.37623979,20.00356385,0,0
313,13,30,70,45.66701809,37.12106854,55.02859113,17.90752259,0,75.40415698,67.46052539,81.54686869,14.0863433,1,0.92,43.07477854,61.65209821,18.57731966,0,0,42.14660779,60.6688797,18.52227191,0,0
314,14,30,70,45.89457137,38.18946546,52.21208544,14.02261998,0,81.46075359,73.778165,88.21412491,14.43595991,0,0.8,39.42564501,60.66487732,21.23923232,0,0,39.98290649,60.52587,20.54296352,0,0
315,15,30,70,42.25150424,36.63308898,49.81914349,13.18605451,0,75.13980462,68.90848952,80.40536641,11.49687689,1,0.92,41.25768966,57.99045909,16.73276943,0,0,41.44719323,57.71057189,16.26337867,0,0
316,16,30,70,35.98711972,30.84265391,43.36862927,12.52597536,0,75.88868873,70.56003963,80.33637176,9.776332126,0,0.92,35.68494624,55.68378377,19.99883753,0,0,36.26025281,55.96395537,19.70370256,0,0
317,17,30,70,40.32382713,32.12975376,48.15888405,16.02913029,0,71.90331179,67.02788767,76.81217744,9.784289769,1,0.88,36.18046134,55.48674849,19.30628714,0,0,36.16077112,55.37739429,19.21662317,0,0
318,18,30,70,37.89525839,31.47868757,46.46097128,14.9822837,0,76.85476051,70.34524668,82.07133662,11.72608994,0,0.88,39.47627424,59.31518451,19.83891026,0,0,39.50247253,59.14075613,19.63828359,0,0
319,19,30,70,42.5594587,34.47927676,51.43165973,16.95238297,0,77.04017819,71.47205826,82.71794542,11.24588716,0,0.92,39.38849592,60.2095132,20.82101728,0,0,39.0962977,59.74302926,20.64673156,0,0
320,20,30,70,45.08653364,38.3652363,53.29013541,14.9248991,0,80.68164277,72.30674185,87.02906586,14.72232402,0,0.84,41.4032362,60.65970976,19.25647357,0,0,41.54353117,60.60824766,19.06471649,0,0
321,21,30,70,30.32350373,23.53857459,41.11500342,17.57642883,1,70.704441,64.62922886,76.61954173,11.99031287,1,0.92,38.10273388,58.06097089,19.95823701,0,0,37.99411049,56.67471433,18.68060384,0,0
322,22,30,70,39.48691046,33.46249434,46.23493334,12.772439,0,77.20799281,71.5236849,82.28948141,10.76579651,0,0.84,38.46828722,59.10148368,20.63319645,0,0,37.62566237,58.00575253,20.38009016,0,0
323,23,30,70,46.6446823,37.54916483,55.96410393,18.41493909,0,75.89161895,70.20759669,81.74744223,11.53984554,0,0.88,46.80976853,64.8733803,18.06361177,0,0,46.05552226,64.36533896,18.3098167,0,0
324,24,30,70,41.29899648,35.2423506,47.81226548,12.56991488,0,77.76785995,72.9727723,82.43113943,9.45836713,0,0.96,40.00628772,60.89245056,20.88616284,0,0,40.14574362,60.85920805,20.71346444,0,0
325,25,30,70,40.99043444,33.68522745,50.29386976,16.6086423,0,74.66749592,66.67747665,81.05813733,14.38066068,1,0.88,36.63631434,54.41564799,17.77933365,0,0,37.63613375,54.64116215,17.00502841,0,0
326,26,30,70,44.26736318,36.76142147,53.2011279,16.43970644,0,77.67841527,68.76489053,86.15556404,17.39067351,1,0.76,40.07730034,59.98492878,19.90762844,0,0,40.05589975,59.90201093,19.84611119,0,0
327,27,30,70,40.42720308,34.44255398,46.21078883,11.76823484,0,76.73090777,71.43365181,81.38264919,9.94899738,0,1,36.2122695,58.54448939,22.33221989,0,0,37.79941696,59.53388538,21.73446841,0,0
328,28,30,70,44.08655304,37.29921355,51.23966144,13.94044789,0,74.87288994,69.17361129,79.91514791,10.74153663,1,0.8,43.76806671,64.21652802,20.44846131,0,0,42.72760488,63.03623917,20.30863429,0,0
329,29,30,70,44.02002386,36.6500261,51.03563188,14.38560578,0,74.12394039,68.0710147,79.61484709,11.54383238,1,1,41.88626251,58.6633212,16.7770587,0,0,42.05238028,59.41367887,17.36129859,0,0
330,30,30,70,42.3186346,35.22731494,51.50396581,16.27665087,0,74.64346861,69.40868014,80.95364861,11.54496847,1,0.84,42.76106828,60.56726967,17.80620139,0,0,41.64579882,59.9550173,18.30921848,0,0
331,31,30,70,33.92963432,29.78419906,38.61113148,8.82693242,1,76.98275152,72.19230682,81.83005669,9.637749875,0,0.92,41.6755029,62.91755367,21.24205076,0,0,42.05553976,62.41392466,20.3583849,0,0
332,32,30,70,47.11153746,40.13608513,55.15698596,15.02090083,0,73.98718562,69.71162949,77.65341729,7.941787795,1,0.8,50.77957237,67.09396234,16.31438997,0,0,49.34212647,65.99293112,16.65080465,0,0
333,33,30,70,44.58556594,37.51775495,52.17869961,14.66094466,0,73.54942166,67.8682213,78.99984494,11.13162364,1,0.92,44.00527112,61.4701752,17.46490409,0,0,43.42175596,61.00177376,17.5800178,0,0
334,34,30,70,46.68086628,37.04668735,55.25963741,18.21295006,0,75.77319773,69.39439658,81.70960064,12.31520405,1,0.88,40.15681263,61.81618566,21.65937303,0,0,39.58542036,60.63932681,21.05390645,0,0
335,35,30,70,43.26401782,36.44404563,50.70101065,14.25696502,0,80.48088167,74.41508514,86.53378151,12.11869636,0,0.96,42.15219389,63.6895481,21.53735421,0,0,42.83692307,64.06572188,21.22879881,0,0
336,36,30,70,41.19649885,34.19119313,50.35879382,16.16760069,0,78.15076723,72.07676414,84.5522983,12.47553416,0,0.92,37.39598601,58.0287695,20.63278348,0,0,37.88137359,58.78855958,20.90718599,0,0
337,37,30,70,43.39312546,35.9799706,51.02199578,15.04202518,0,72.25519171,67.05090499,76.55810341,9.507198421,1,0.96,43.84765561,60.5060882,16.65843259,0,0,43.76427731,60.48592131,16.72164401,0,0
338,38,30,70,46.08121041,37.15633101,58.18750625,21.03117524,0,78.27451777,71.98914487,83.45180581,11.46266094,0,0.88,44.79804849,65.68720026,20.88915177,0,0,44.4330793,64.8539794,20.4209001,0,0
339,39,30,70,45.67224569,37.43450303,53.66042962,16.22592659,0,77.04707523,70.53004161,83.1077772,12.57773559,0,0.88,47.01732217,65.54444602,18.52712384,0,0,47.336806,65.63121449,18.29440849,0,0
340,40,30,70,45.08613749,37.24635344,53.4627599,16.21640647,0,74.02470257,69.76369245,77.85004649,8.086354036,1,0.92,45.29445024,63.17330863,17.87885839,0,0,44.25739069,62.40107235,18.14368166,0,0
341,41,30,70,34.29912408,29.6351832,39.73361309,10.09842989,1,69.5595984,64.09149035,74.71373067,10.62224032,1,0.88,31.84666396,49.34968447,17.50302051,0,0,31.86891145,49.4207545,17.55184305,0,0
342,42,30,70,46.55492407,36.80579843,55.78326407,18.97746564,0,77.86753809,72.28196602,83.98755528,11.70558925,0,0.84,40.47535745,62.58256696,22.1072095,0,0,40.22126943,62.02135304,21.80008361,0,0
343,43,30,70,45.75964181,37.38912789,54.31379651,16.92466861,0,74.3271178,69.34827232,79.35214794,10.00387562,1,0.92,41.36647385,61.48517757,20.11870372,0,0,40.26468358,61.05376684,20.78908326,0,0
344,44,30,70,38.44027909,33.37581241,44.54307255,11.16726014,0,77.55561562,71.59752158,83.85882374,12.26130216,0,0.96,34.46871446,54.54122111,20.07250665,0,0,34.5981549,55.63044632,21.03229142,0,0
345,45,30,70,38.53159047,33.0489645,44.3132864,11.26432191,0,76.8585461,68.91163724,86.61277215,17.7011349,1,0.84,31.28276576,48.43438231,17.15161654,0,0,32.59818534,49.38856863,16.79038329,0,0
346,46,30,70,36.90294245,32.72219602,42.21159692,9.4894009,0,80.78912598,74.82542023,86.3356788,11.51025857,0,0.88,38.58798049,59.68543794,21.09745745,0,0,38.9355097,60.48594452,21.55043483,0,0
347,47,30,70,39.56878402,34.20650456,48.15116729,13.94466273,0,73.35093456,66.37029845,79.05546376,12.6851653,1,0.92,35.51406715,52.75320871,17.23914155,0,0,35.30051778,53.68414296,18.38362517,0,0
348,48,30,70,43.70186015,36.73901617,52.98060316,16.24158699,0,77.09771526,70.08858007,83.47116352,13.38258345,0,0.88,37.0641171,56.3584998,19.2943827,0,0,37.8704694,56.49998294,18.62951354,0,0
349,49,30,70,39.72875972,34.68738893,47.48932463,12.80193571,0,76.04539147,70.8108755,84.19702016,13.38614466,0,0.92,39.85785524,57.97501546,18.11716022,0,0,40.44004939,58.60190566,18.16185627,0,0
350,50,30,70,44.4993619,35.60227749,53.02281282,17.42053534,0,77.55278793,69.96464521,87.78218896,17.81754375,0,0.88,39.99403194,58.00964731,18.01561537,0,0,40.92452231,59.73455682,18.81003451,0,0
351,51,30,70,41.416355,34.29899455,48.06933331,13.77033876,0,75.9773857,68.27333008,80.87308784,12.59975776,1,0.88,35.96865933,55.44766713,19.47900779,0,0,35.8586933,54.89207595,19.03338265,0,0
352,52,30,70,40.1112124,32.66392571,47.47123233,14.80730662,0,74.77342073,71.09837155,78.34960953,7.251237978,0,0.88,37.71218821,58.36821431,20.6560261,0,0,37.59984484,56.74116613,19.14132129,0,0
353,53,30,70,45.64371203,38.11861866,54.77771562,16.65909696,0,77.90988604,71.44794949,83.80281224,12.35486275,0,0.88,49.11118062,67.970424,18.85924337,0,0,47.99339339,67.67043731,19.67704393,0,0
354,54,30,70,40.0008218,32.9431502,47.8268034,14.8836532,0,80.74715454,72.09274345,86.78057879,14.68783534,0,0.88,33.68191417,52.44926721,18.76735304,0,0,35.03738448,53.50934302,18.47195854,0,0
355,55,30,70,43.60561974,34.52310628,51.94360598,17.4204997,0,73.43221706,65.21773953,80.26197447,15.04423494,1,0.88,39.543537,56.77527152,17.23173452,0,0,39.3771653,56.19213394,16.81496864,0,0
356,56,30,70,43.49458821,37.4003921,51.83408009,14.43368799,0,77.63956344,72.46585815,83.31402508,10.84816693,0,0.92,42.82189251,62.32284815,19.50095564,0,0,41.91120284,62.09545148,20.18424863,0,0
357,57,30,70,40.70724089,34.84582482,46.65519116,11.80936634,0,75.29299426,70.72050982,79.75616459,9.035654775,0,0.96,41.92983608,62.27790907,20.34807299,0,0,41.22275023,61.79944352,20.5766933,0,0
358,58,30,70,44.08238688,36.93489594,52.29181675,15.35692082,0,76.95864329,69.57780024,82.79437417,13.21657393,1,0.92,40.54932615,61.38718915,20.83786299,0,0,40.42547339,61.10471011,20.67923673,0,0
359,59,30,70,45.04816563,39.27062682,52.85059737,13.57997055,0,77.8848708,71.61814798,84.10048898,12.48234101,0,0.76,47.26308994,65.24663939,17.98354945,0,0,46.716707,65.12949227,18.41278527,0,0
360,60,30,70,45.89228206,38.58887414,55.68621986,17.09734572,0,78.95747083,72.88466162,84.23832481,11.35366319,0,0.88,46.46279404,66.6620505,20.19925646,0,0,46.10295471,66.45273305,20.34977834,0,0
361,61,30,70,41.4008696,34.61775747,51.48184026,16.86408279,0,75.07388216,67.85948666,81.26760585,13.4081192,1,0.92,41.51357001,60.46774511,18.9541751,0,0,41.2854748,60.1473374,18.86186261,0,0
362,62,30,70,42.33070393,35.35159462,49.48178759,14.13019298,0,80.98408478,74.76018034,87.44661968,12.68643935,0,0.84,41.57504377,65.38504467,23.8100009,0,0,42.30773983,65.15563954,22.84789972,0,0
363,63,30,70,47.68511122,39.4448316,57.51284883,18.06801723,0,76.75655406,71.47380493,82.34471577,10.87091084,0,0.88,46.59332299,65.83070154,19.23737854,0,0,46.32600309,65.60150975,19.27550667,0,0
364,64,30,70,42.83191984,35.95706237,49.35887339,13.40181102,0,76.64568905,70.92356596,82.1700252,11.24645924,0,0.84,43.01390622,60.61184153,17.59793531,0,0,43.89163068,60.06074105,16.16911038,0,0
365,65,30,70,35.69136318,31.14155449,40.58981311,9.448258622,0,77.1186432,71.25056835,82.07209033,10.82152198,0,1,37.45685309,57.76293933,20.30608624,0,0,37.41072699,57.67296905,20.26224206,0,0
366,66,30,70,45.97700554,37.3982906,54.44004308,17.04175248,0,72.97807116,68.00028942,77.92876646,9.928477039,1,0.92,46.66330029,63.58479547,16.92149519,0,0,45.92230075,62.70350391,16.78120316,0,0
367,67,30,70,32.13806753,27.86702966,36.72348126,8.856451593,1,78.0096049,70.95772371,84.47517902,13.51745531,0,1,31.02010202,51.64056348,20.62046146,0,0,33.07445124,53.63242465,20.55797341,0,0
368,68,30,70,43.11577705,36.58649937,50.65204424,14.06554487,0,74.71571249,68.21888288,79.92198672,11.70310384,1,0.84,39.58208006,56.55795952,16.97587946,0,0,39.32528272,56.23175013,16.90646741,0,0
369,69,30,70,44.9358399,37.11136622,51.77410712,14.6627409,0,78.93091937,71.70171097,85.17835283,13.47664185,0,0.84,41.27617826,60.54561073,19.26943247,0,0,40.74860837,60.96022755,20.21161919,0,0
370,70,30,70,33.51720214,29.12191132,38.55761548,9.435704163,1,79.15980391,73.59650293,85.38420227,11.78769934,0,1,43.13771371,66.26985781,23.1321441,0,0,44.15511799,66.31848152,22.16336353,0,0
371,71,30,70,40.4774994,33.76286565,49.06388151,15.30101586,0,73.85782479,70.6212175,77.33067938,6.709461879,0,1,42.98853492,62.73858718,19.75005227,0,0,41.46572935,61.987902,20.52217265,0,0
372,72,30,70,46.8358932,37.78456052,55.50070124,17.71614072,0,75.08674679,68.93795299,81.51709951,12.57914652,1,0.88,45.02206264,63.27462036,18.25255772,0,0,44.26868572,62.76308111,18.49439539,0,0
373,73,30,70,45.6575188,36.70740011,55.71765683,19.01025672,0,80.59418142,72.84261236,87.1077152,14.26510283,0,0.92,45.54904885,66.09242419,20.54337535,0,0,45.00980414,65.54511987,20.53531573,0,0
374,74,30,70,43.38095918,36.83281097,52.03525713,15.20244616,0,76.59393726,69.68446292,83.41632274,13.73185982,1,0.84,43.87307251,61.67117282,17.79810032,0,0,43.88853155,61.8926265,18.00409494,0,0
375,75,30,70,42.82416896,36.62496505,52.46574102,15.84077597,0,76.05825093,70.12084108,81.31147141,11.19063033,0,0.88,42.90234692,61.77896677,18.87661985,0,0,42.76889846,61.36824588,18.59934742,0,0
376,76,30,70,43.13436239,35.6882844,50.42554705,14.73726265,0,76.13637223,70.53354782,81.33333884,10.79979102,0,0.92,43.22095135,62.00976969,18.78881834,0,0,42.76421596,61.36567222,18.60145626,0,0
377,77,30,70,46.47717343,38.58676128,54.63236236,16.04560108,0,77.33108127,71.36225546,83.27917765,11.91692219,0,0.8,45.11699056,63.9499171,18.83292653,0,0,45.55414368,63.71697085,18.16282717,0,0
378,78,30,70,39.19787803,32.44268467,45.60175634,13.15907167,0,73.80009109,68.05678825,80.0920639,12.03527565,1,0.92,38.47175699,57.46124771,18.98949071,0,0,37.57574086,56.49913343,18.92339257,0,0
379,79,30,70,37.8245185,32.27439238,43.12694131,10.85254893,0,73.70506757,69.95072493,77.50948744,7.558762513,0,0.96,36.38676501,56.06254291,19.67577789,0,0,36.65658785,56.50641609,19.84982824,0,0
380,80,30,70,40.13887031,34.8490749,46.62631658,11.77724168,0,77.37514656,71.06332384,83.60876635,12.5454425,0,0.96,41.81734091,59.641804,17.82446309,0,0,42.67653875,60.5004544,17.82391566,0,0
381,81,30,70,45.11789535,36.61611012,53.70841122,17.09230111,0,77.19120125,71.41522462,83.50721588,12.09199126,0,0.92,44.99675234,65.32306889,20.32631655,0,0,45.59825461,64.60695105,19.00869644,0,0
382,82,30,70,40.26446477,33.75290914,45.89472695,12.14181781,0,72.99832519,66.04071183,79.73232686,13.69161504,1,0.96,30.23738272,48.46544808,18.22806536,0,0,30.8359186,49.32887208,18.49295348,0,0
383,83,30,70,44.53386663,36.01815256,54.07140204,18.05324948,0,77.45306784,69.46714897,85.14060745,15.67345847,1,0.92,36.1881791,57.69260052,21.50442142,0,0,36.80175815,57.94769062,21.14593247,0,0
384,84,30,70,45.22685748,37.90736349,53.44643553,15.53907204,0,76.03582426,70.70040055,83.06394732,12.36354677,0,0.84,39.56232786,58.38177229,18.81944443,0,0,39.98530122,59.03979503,19.05449381,0,0
385,85,30,70,40.51342015,34.40396004,46.75182599,12.34786595,0,77.38059099,73.59386024,80.68280802,7.088947779,0,1,43.03632765,64.49193536,21.45560771,0,0,41.80685673,64.26027769,22.45342096,0,0
386,86,30,70,37.0341715,31.97592688,42.17313653,10.19720965,0,73.92939416,69.71685907,77.7568303,8.039971224,1,1,38.18735536,56.74904338,18.56168802,0,0,38.39698169,56.72630323,18.32932154,0,0
387,87,30,70,37.91267417,32.97041821,42.94733277,9.976914556,0,78.33633862,74.99998259,81.3856131,6.385630509,0,0.92,47.14402676,67.99439128,20.85036452,0,0,45.69904183,66.97098759,21.27194577,0,0
388,88,30,70,37.44786778,31.97903057,42.80404454,10.82501397,0,75.76184583,70.55058297,81.32292028,10.7723373,0,0.92,39.6311695,59.14296345,19.51179395,0,0,39.95006085,60.38903976,20.43897891,0,0
389,89,30,70,47.34204257,39.40999163,56.12075125,16.71075962,0,76.58751323,70.89910083,81.96507521,11.06597438,0,0.96,50.72420448,69.0223163,18.29811183,0,0,50.66854774,68.7951026,18.12655486,0,0
390,90,30,70,32.59482442,28.08299598,38.54131092,10.45831493,1,79.67412444,74.02094949,84.7583137,10.73736421,0,0.96,33.07427916,57.28108461,24.20680545,0,0,34.51821438,57.51300335,22.99478897,0,0
391,91,30,70,36.72341869,30.75226629,43.90746682,13.15520053,0,77.73537872,71.42025174,83.59408412,12.17383238,0,0.92,37.55821027,60.10759755,22.54938728,0,0,38.73680925,61.07654711,22.33973786,0,0
392,92,30,70,43.73417133,35.4053721,53.4567197,18.05134759,0,78.88170405,72.38584283,85.30461127,12.91876844,0,0.84,41.04637476,61.33987249,20.29349773,0,0,41.09152305,61.29272683,20.20120378,0,0
393,93,30,70,34.37247588,30.01407483,39.46075103,9.446676206,1,77.28088786,71.50601812,81.79465347,10.28863535,0,0.96,39.78542324,61.30052246,21.51509923,0,0,39.46002495,60.89685049,21.43682555,0,0
394,94,30,70,43.74793532,34.51607581,54.77743841,20.2613626,0,72.07891405,66.85315951,76.818868,9.96570849,1,0.88,44.80760148,62.78771056,17.98010908,0,0,44.65886309,62.5719295,17.9130664,0,0
395,95,30,70,43.90643711,34.64564882,51.84436188,17.19871306,0,75.09509598,66.70521654,82.82580699,16.12059044,1,0.8,35.65534918,52.62216843,16.96681925,0,0,35.62285123,52.99717403,17.3743228,0,0
396,96,30,70,45.3599665,37.81047896,52.12588957,14.31541061,0,76.52282986,69.78584934,82.37729505,12.59144572,1,0.92,46.54286705,63.85428396,17.31141691,0,0,46.1942235,62.98826504,16.79404155,0,0
397,97,30,70,42.74484239,35.69082967,51.12655022,15.43572056,0,78.09470749,72.89689589,83.22451496,10.32761906,0,0.92,45.9474167,66.12455897,20.17714227,0,0,45.60444571,64.78544062,19.18099491,0,0
398,98,30,70,44.00214015,38.23741636,51.67358147,13.43616511,0,79.65517572,73.53934476,85.45629998,11.91695521,0,0.8,45.5695865,64.98792796,19.41834146,0,0,44.05311838,64.71837526,20.66525688,0,0
399,99,30,70,45.44913489,37.49448808,54.45657425,16.96208618,0,77.54700267,72.09013848,82.27807542,10.18793694,0,0.92,39.99732874,59.92438769,19.92705895,0,0,40.49048326,59.05625541,18.56577216,0,0
400,100,30,70,40.66320023,33.67019215,49.37009622,15.69990406,0,70.6799871,65.77707155,76.64100879,10.86393724,1,0.92,33.72002903,53.62803537,19.90800634,0,0,33.79984619,53.10214696,19.30230077,0,0
401,1,40,60,45.47989281,39.08134579,51.52231772,12.44097193,1,72.79382943,67.34001097,77.42205333,10.08204236,0,0.8,46.12931417,61.16586659,15.03655243,0,1,46.17286559,61.17160778,14.99874218,0,1
402,2,40,60,43.32027563,38.40391788,47.9713857,9.567467822,1,74.41828636,64.80076419,85.04172173,20.24095753,0,0.68,38.73826288,50.58022182,11.84195894,1,0,39.27845219,50.30931169,11.0308595,1,0
403,3,40,60,44.70488665,38.74322368,51.33459096,12.59136729,1,74.50824277,67.45164291,82.54568204,15.09403914,0,0.72,42.46390965,57.52657991,15.06267026,0,0,42.51441022,57.91586162,15.4014514,0,0
404,4,40,60,43.43576758,37.78692995,49.2342411,11.44731115,1,70.2463495,61.65397569,77.96036684,16.30639115,0,0.68,41.98143538,55.07221876,13.09078338,0,0,42.20606179,55.31390501,13.10784322,0,0
405,5,40,60,44.63319946,36.32585136,52.95325409,16.62740273,1,66.1888127,60.88414462,70.82493297,9.94078835,0,0.84,42.42623725,56.35565584,13.9294186,0,0,42.41727515,56.52243771,14.10516256,0,0
406,6,40,60,47.23170672,40.72340456,53.42310354,12.69969898,0,67.70932371,61.881389,73.18185411,11.30046511,0,0.72,46.48801074,58.44997312,11.96196238,0,0,45.79120708,58.70521493,12.91400785,0,0
407,7,40,60,43.65116406,36.6142508,51.73704386,15.12279305,1,65.69653993,58.32602471,71.08299919,12.75697448,1,0.76,41.02439658,54.6149932,13.59059662,0,0,40.89852649,54.1411874,13.24266091,0,0
408,8,40,60,43.81799792,38.21759763,50.5898974,12.37229977,1,68.75890875,62.52987441,76.15712192,13.62724751,0,0.72,41.88190518,54.21842528,12.3365201,0,0,41.98281127,54.64602229,12.66321102,0,0
409,9,40,60,46.08779761,39.01955568,53.14164035,14.12208467,1,71.00373606,66.61628497,76.27195168,9.655666707,0,0.84,47.4078157,61.25609888,13.84828318,0,1,47.49298691,60.84066185,13.34767495,0,1
410,10,40,60,44.39883589,38.71920335,49.98409397,11.26489062,1,73.12827565,63.73812015,85.67545856,21.93733842,0,0.64,40.39766732,54.31080138,13.91313406,0,0,40.71095601,54.07017602,13.35922,0,0
411,11,40,60,45.44099934,40.34116102,52.31171159,11.97055056,0,74.72746611,69.33924139,79.59113167,10.25189028,0,0.8,47.52477937,61.54576467,14.0209853,0,1,47.4430753,61.79496527,14.35188997,0,1
412,12,40,60,44.26363612,36.35411962,53.78644066,17.43232104,1,66.6761129,60.65254288,72.26708909,11.61454621,0,0.76,37.86069416,53.34878009,15.48808592,1,0,37.36631732,53.70163324,16.33531592,1,0
413,13,40,60,46.53415104,40.40211019,53.55168011,13.14956991,0,72.6653699,64.36620355,80.53846501,16.17226146,0,0.88,45.03553042,58.9339827,13.89845228,0,0,45.12536213,58.61235659,13.48699446,0,0
414,14,40,60,46.47400078,40.96935437,51.49320399,10.52384962,0,75.11822879,66.07687652,86.27871869,20.20184218,0,0.6,44.85265746,56.44154866,11.5888912,0,0,44.75656688,56.78585138,12.0292845,0,0
415,15,40,60,43.59518999,38.23682439,49.23103005,10.99420566,1,68.48729331,60.91114271,82.60066651,21.6895238,0,0.8,39.59729142,50.99618513,11.39889371,1,0,39.74102586,51.37598732,11.63496146,1,0
416,16,40,60,40.71485674,34.39823009,48.31566556,13.91743547,1,70.49336466,64.32793023,75.78298815,11.45505792,0,0.8,35.81251881,51.42857444,15.61605563,1,0,35.94194865,51.49052205,15.5485734,1,0
417,17,40,60,44.89059469,38.27810752,52.72806913,14.44996162,1,69.31618417,64.24003586,74.97275933,10.73272347,0,0.68,43.53564501,58.83601189,15.30036688,0,0,43.27990174,58.24218762,14.96228588,0,0
418,18,40,60,45.40206397,38.9208993,51.39219615,12.47129685,1,71.21250126,65.7581194,77.36183289,11.60371348,0,0.72,45.50515747,58.84283875,13.33768128,0,0,45.37258326,58.43251309,13.05992983,0,0
419,19,40,60,41.98944168,36.03319557,48.66015748,12.6269619,1,71.72019645,64.07484118,78.9907501,14.91590892,0,0.8,39.24112232,53.6669722,14.42584988,1,0,39.18200223,53.80013268,14.61813045,1,0
420,20,40,60,45.43284322,38.7979042,52.673593,13.8756888,1,67.18977092,60.29394148,76.01370499,15.71976352,0,0.68,43.12605015,55.95825559,12.83220544,0,0,42.82390172,55.55049037,12.72658866,0,0
421,21,40,60,45.63750737,38.78447133,53.89315953,15.10868821,1,74.30748376,67.35345967,79.56473983,12.21128016,0,0.8,46.80641313,61.69689624,14.89048311,0,1,46.84412909,61.81846791,14.97433882,0,1
422,22,40,60,40.07555078,33.07180545,47.03010054,13.9582951,1,65.78497068,60.50801438,70.71179868,10.2037843,0,0.8,35.59392679,49.10380628,13.50987949,1,0,36.00396951,49.32866971,13.3247002,1,0
423,23,40,60,49.10067871,41.07223616,56.20199115,15.12975499,0,67.95724692,62.36820874,73.59733154,11.2291228,0,0.52,49.6710556,62.105183,12.4341274,0,1,48.56279315,61.37412328,12.81133013,0,1
424,24,40,60,43.05217643,37.04817892,48.9420844,11.89390548,1,74.78105918,67.66742755,81.3952624,13.72783485,0,0.84,40.40861785,55.25893053,14.85031269,0,0,40.63014878,55.25444725,14.62429848,0,0
425,25,40,60,43.28140715,37.59233559,50.63366816,13.04133257,1,69.23593295,63.53057815,74.19272604,10.6621479,0,0.76,42.47408067,55.32039052,12.84630986,0,0,43.03488797,55.89794587,12.8630579,0,0
426,26,40,60,45.68659767,39.86725779,53.05846238,13.19120458,1,69.87869544,62.82759559,75.94356779,13.1159722,0,0.76,45.7085473,58.55320094,12.84465364,0,0,45.74787118,58.41706634,12.66919516,0,0
427,27,40,60,45.21795665,39.61840407,51.48345772,11.86505364,1,78.9275051,69.33706955,86.16454975,16.8274802,0,0.68,42.97195548,56.63652438,13.6645689,0,0,43.15484038,56.30734395,13.15250357,0,0
428,28,40,60,46.74035515,40.59607452,52.60038032,12.00430581,0,68.05535387,60.78281668,73.71741839,12.93460171,0,0.84,45.5716683,57.01046289,11.43879459,0,0,45.63598768,56.8182348,11.18224712,0,0
429,29,40,60,46.05118617,38.96031664,51.93755881,12.97724217,1,72.99785128,64.98566872,79.95915066,14.97348194,0,0.72,42.34598082,57.77086304,15.42488222,0,0,42.68410554,57.53735274,14.8532472,0,0
430,30,40,60,44.48177781,38.88580307,50.76634798,11.88054491,1,65.59736576,58.70291333,71.53457997,12.83166664,1,0.72,42.71915321,53.42342822,10.70427501,0,0,42.99922625,53.40323377,10.40400752,0,0
431,31,40,60,43.92407024,37.75423447,50.23189346,12.47765899,1,72.57985458,65.74663705,80.21346427,14.46682723,0,0.72,41.45275236,55.91853288,14.46578052,0,0,41.62168821,56.0013599,14.37967169,0,0
432,32,40,60,44.11496889,37.9185233,50.76586625,12.84734295,1,68.35550809,62.15913575,74.13024681,11.97111106,0,0.6,41.66283612,54.77757593,13.11473981,0,0,41.23192756,54.77586574,13.54393818,0,0
433,33,40,60,46.17613222,37.97446073,53.48426236,15.50980163,1,68.16359197,60.64497522,75.08171652,14.4367413,0,0.68,42.33823858,57.50298064,15.16474206,0,0,41.41243192,56.60458737,15.19215546,0,0
434,34,40,60,42.33563698,35.32285257,48.27589865,12.95304608,1,72.38618666,61.99277503,82.96436292,20.97158789,0,0.8,37.54646892,50.9921336,13.44566467,1,0,38.26134068,51.17840309,12.91706241,1,0
435,35,40,60,45.78609242,37.55058005,54.23976315,16.6891831,1,67.86472114,61.71607968,74.00282635,12.28674667,0,0.88,44.36063798,57.65179299,13.29115501,0,0,44.34590646,57.77516675,13.42926028,0,0
436,36,40,60,44.47526027,39.93518416,48.94410633,9.008922173,1,79.9461584,70.92152148,87.35743394,16.43591247,0,0.64,39.82803139,50.35221358,10.52418219,1,0,40.16750954,50.69422782,10.52671828,0,0
437,37,40,60,47.4850178,42.38989004,53.97314169,11.58325165,0,71.28278544,64.65715251,76.07425195,11.41709945,0,0.68,49.36503293,61.05059544,11.68556251,0,1,49.85573668,61.43959061,11.58385393,0,1
438,38,40,60,46.18031591,39.29103749,54.90744083,15.61640335,1,64.42147137,59.00281019,69.99913928,10.99632909,1,0.8,42.16135303,55.04966402,12.888311,0,0,41.61135548,54.18688413,12.57552865,0,0
439,39,40,60,45.25914059,38.67813875,51.70649197,13.02835322,1,65.50963849,58.290907,72.01143012,13.72052313,1,0.68,42.29458323,55.26784913,12.97326589,0,0,41.76658789,54.88476988,13.11818199,0,0
440,40,40,60,46.27086198,39.94195344,53.17336426,13.23141082,1,69.82637818,64.13637239,75.33323332,11.19686093,0,0.8,47.54958458,60.35590558,12.806321,0,1,47.6889096,60.68829972,12.99939012,0,1
441,41,40,60,46.4605754,40.95796385,52.86240475,11.9044409,0,63.04253029,55.80762806,67.98736377,12.17973571,1,0.72,45.37539256,55.77541634,10.40002378,0,0,45.04957232,55.50625887,10.45668655,0,0
442,42,40,60,42.52014276,36.25380933,49.2712788,13.01746947,1,65.27848925,59.10257846,72.51928887,13.41671042,1,0.72,39.0660653,51.66905895,12.60299364,1,0,39.23323074,52.49434673,13.26111599,1,0
443,43,40,60,47.11819531,39.64171966,53.75278207,14.11106241,1,68.98269917,62.38510481,76.21755161,13.8324468,0,0.84,46.55178369,59.03019111,12.47840742,0,0,46.70933544,59.57718149,12.86784605,0,0
444,44,40,60,46.78089364,39.42321977,55.16147041,15.73825064,1,63.48113268,58.37181551,67.89951211,9.527696595,1,0.72,43.83552992,57.22504549,13.38951557,0,0,43.24604691,56.59912244,13.35307553,0,0
445,45,40,60,45.20013439,39.39930845,51.62790952,12.22860107,1,68.22397888,58.95305982,77.2042988,18.25123898,1,0.8,43.59631131,54.52038896,10.92407766,0,0,43.76840636,54.5760349,10.80762854,0,0
446,46,40,60,42.23054764,36.76392055,48.83774007,12.07381952,1,75.73137963,69.27997739,80.89393632,11.61395893,0,0.92,39.58831298,56.5857964,16.99748342,1,0,40.42277879,57.37458235,16.95180356,0,0
447,47,40,60,43.49805027,38.99765519,47.97902848,8.98137329,1,76.83639333,69.31567239,82.24402138,12.92834898,0,0.84,40.88523869,55.08639435,14.20115566,0,0,42.24845924,56.52989541,14.28143617,0,0
448,48,40,60,43.35104395,37.39833193,52.3910192,14.99268726,1,73.21778748,65.45680508,80.17846741,14.72166233,0,0.84,40.08147175,55.80706905,15.72559731,0,0,40.41346966,55.74218789,15.32871822,0,0
449,49,40,60,40.79867437,36.10533323,47.4913259,11.38599267,1,79.29432911,66.30808057,87.46496365,21.15688308,0,0.76,38.81809287,52.46412683,13.64603396,1,0,39.24689685,52.40528956,13.15839271,1,0
450,50,40,60,42.80577539,37.25546712,48.40712455,11.15165743,1,74.50672964,66.80726219,81.95824701,15.15098482,0,0.84,39.37370473,52.57472757,13.20102283,1,0,39.69614778,52.82380991,13.12766213,1,0
451,51,40,60,44.89592142,38.87089164,50.26614515,11.39525351,1,69.50279295,61.94639729,76.50950901,14.56311172,0,0.8,44.03892743,56.30718605,12.26825862,0,0,44.83050385,56.55560421,11.72510036,0,0
452,52,40,60,41.27530577,36.08951629,48.1374981,12.04798182,1,69.33410334,62.55729305,78.560134,16.00284095,0,0.84,38.70418415,51.8259896,13.12180545,1,0,39.04795569,51.48198748,12.43403179,1,0
453,53,40,60,47.73318867,42.1454081,53.99112534,11.84571725,0,71.89458657,64.69917858,78.37520885,13.67603027,0,0.72,48.38257859,59.4458264,11.06324781,0,0,48.7937546,59.65456331,10.86080871,0,0
454,54,40,60,47.00691181,39.68514099,55.52010122,15.83496023,1,70.81264694,63.70707899,77.2364442,13.52936521,0,0.84,46.44496751,59.5712711,13.12630358,0,0,46.34587267,59.42948677,13.0836141,0,0
455,55,40,60,45.81341268,38.02003761,52.94975755,14.92971994,1,72.40098982,63.28069663,85.28247751,22.00178089,0,0.72,45.04631355,58.1383062,13.09199264,0,0,45.15150975,57.86164962,12.71013987,0,0
456,56,40,60,45.26038174,39.11226747,52.76251558,13.65024811,1,66.08989254,60.95731002,72.13638001,11.17906999,0,0.88,44.34926423,56.23114168,11.88187745,0,0,44.26178853,55.91715114,11.65536261,0,0
457,57,40,60,44.67957831,39.45773776,49.82351304,10.36577528,1,71.7130141,61.21539273,83.02194969,21.80655696,0,0.76,42.03176164,54.13357373,12.10181209,0,0,42.14115877,54.22615076,12.08499198,0,0
458,58,40,60,46.27949089,39.88821838,53.8454605,13.95724212,1,70.30791414,62.95849917,80.81303651,17.85453734,0,0.72,45.77786654,57.64223095,11.86436441,0,0,45.48330788,57.65272732,12.16941945,0,0
459,59,40,60,50.65557638,45.26991255,56.62476595,11.3548534,0,70.11908963,63.1762004,76.16379188,12.98759148,0,0.52,52.75124824,62.60923638,9.857988143,0,1,52.57273383,62.39286649,9.820132667,0,1
460,60,40,60,49.29170373,41.57979251,57.44483245,15.86503994,0,71.02757838,65.90016579,75.28323524,9.383069448,0,0.8,52.78280358,65.30848244,12.52567886,0,1,51.76693167,64.74973732,12.98280564,0,1
461,61,40,60,50.01662452,43.8227496,57.35639919,13.53364958,0,69.60016636,62.94298765,74.87539878,11.93241113,0,0.72,52.06410546,63.40080657,11.33670111,0,1,51.95628151,62.96525705,11.00897554,0,1
462,62,40,60,42.18790783,36.58226266,49.98663616,13.4043735,1,59.62345355,51.26170621,76.77646204,25.51475583,1,0.84,37.51182246,47.65079453,10.13897208,1,0,37.88881819,48.13707367,10.24825547,1,0
463,63,40,60,47.23588417,41.85239815,52.97523442,11.12283627,0,71.47879712,63.42807213,79.3978953,15.96982317,0,0.52,46.68995854,58.24574419,11.55578565,0,0,47.14693031,58.02452108,10.87759078,0,0
464,64,40,60,45.77181128,40.55101186,50.95165618,10.40064433,0,73.62731814,63.77917383,83.17414467,19.39497084,0,0.68,44.28944949,56.45070087,12.16125138,0,0,44.31970807,56.47657076,12.15686269,0,0
465,65,40,60,43.79356877,37.48671139,50.16384607,12.67713468,1,74.73549002,66.76363957,83.1016824,16.33804283,0,0.72,39.8938504,54.95667295,15.06282255,1,0,40.14529232,54.91485178,14.76955946,0,0
466,66,40,60,41.22126107,35.33773918,48.09588366,12.75814448,1,66.04366644,60.76035492,72.11214058,11.35178566,0,0.92,38.74753694,52.25250852,13.50497158,1,0,38.85548543,52.31056141,13.45507598,1,0
467,67,40,60,44.7431099,38.46634465,51.98953798,13.52319333,1,70.63618992,65.17649972,76.09136154,10.91486182,0,0.72,46.13259559,59.38953059,13.25693501,0,0,46.03357198,59.21772854,13.18415656,0,0
468,68,40,60,42.51982042,36.79425206,48.83445242,12.04020036,1,67.16601882,61.12837195,73.50744145,12.37906951,0,0.84,40.17684713,53.14229146,12.96544433,0,0,40.23127399,52.97206072,12.74078673,0,0
469,69,40,60,44.86934605,38.205942,52.24020162,14.03425962,1,66.44509875,60.25612849,76.90556905,16.64944056,0,0.84,42.23954511,55.40554336,13.16599825,0,0,41.53126745,54.92360862,13.39234117,0,0
470,70,40,60,44.69381728,37.75663989,52.11375952,14.35711963,1,70.2434446,64.80945376,75.8173129,11.00785914,0,0.76,43.19768289,58.03670758,14.83902469,0,0,43.44803103,58.45191656,15.00388553,0,0
471,71,40,60,44.92155328,36.61697444,52.05054741,15.43357296,1,68.81298326,62.38092895,74.50437575,12.12344679,0,0.6,43.00942065,57.28299228,14.27357163,0,0,42.91850604,56.51035627,13.59185023,0,0
472,72,40,60,44.4074038,37.71578879,51.55908917,13.84330038,1,77.53385151,67.71287896,85.96427811,18.25139915,0,0.76,40.37939252,54.66574442,14.2863519,0,0,40.67614139,54.2914887,13.61534732,0,0
473,73,40,60,43.52936453,37.5864185,50.84391116,13.25749266,1,74.757078,66.46976813,81.45574077,14.98597264,0,0.8,42.14005161,57.0246685,14.88461689,0,0,42.20544621,56.9046354,14.69918919,0,0
474,74,40,60,44.30798018,37.19731975,52.66082016,15.4635004,1,70.27392641,62.78211802,77.26036674,14.47824873,0,0.84,40.15791023,55.56269824,15.40478801,0,0,39.70440395,54.70556349,15.00115954,1,0
475,75,40,60,45.23710431,39.80132761,51.50201283,11.70068522,1,71.12780388,64.4987004,77.91048327,13.41178287,0,0.72,45.5437281,58.69009097,13.14636286,0,0,45.34284213,58.55055544,13.20771331,0,0
476,76,40,60,42.57886344,36.53873914,49.09934419,12.56060505,1,70.96235455,63.15679666,78.13258607,14.97578941,0,0.84,39.60666657,53.15446902,13.54780245,1,0,40.1186001,53.3325342,13.21393411,0,0
477,77,40,60,45.3929856,39.47476769,51.50927937,12.03451168,1,70.5552999,61.67998196,79.0071061,17.32712414,0,0.76,44.55209717,57.36457282,12.81247565,0,0,44.72199389,58.06163599,13.3396421,0,0
478,78,40,60,45.92552917,39.7285788,52.37887688,12.65029808,1,71.49004959,64.2487458,78.31485569,14.06610989,0,0.56,45.7461287,59.57364162,13.82751293,0,0,45.93293216,59.90597548,13.97304332,0,0
479,79,40,60,45.07462399,38.99608862,50.54418746,11.54809883,1,68.02846175,60.32278648,74.48112072,14.15833424,0,0.76,43.24289578,55.03658732,11.79369155,0,0,43.37281868,54.92008658,11.5472679,0,0
480,80,40,60,40.90791299,35.44645556,47.94285545,12.49639989,1,74.09442221,67.70068007,80.04914245,12.34846238,0,0.92,38.16932383,53.33708376,15.16775993,1,0,38.52151286,54.20754169,15.68602883,1,0
481,81,40,60,44.05858576,38.51805159,50.6280502,12.10999861,1,68.27309491,63.26307074,73.71395736,10.45088661,0,0.92,43.14019523,56.53545624,13.395261,0,0,43.00245151,56.66876747,13.66631596,0,0
482,82,40,60,45.43795543,39.84577377,51.01488539,11.16911162,1,68.49716577,59.5002249,78.19313297,18.69290807,1,0.56,43.41411517,54.94790511,11.53378993,0,0,43.28071184,54.51676295,11.23605111,0,0
483,83,40,60,45.27090634,38.47286597,53.85222888,15.37936291,1,67.98264711,59.39617161,74.35364191,14.9574703,1,0.68,41.68846981,55.48008114,13.79161132,0,0,41.53714928,55.70538305,14.16823377,0,0
484,84,40,60,45.19843269,38.08638574,53.05733983,14.97095409,1,72.67986931,65.39885982,80.34150043,14.94264061,0,0.88,42.32200871,56.78987526,14.46786656,0,0,43.1435603,57.03834853,13.89478823,0,0
485,85,40,60,45.76795999,40.84507329,51.36245778,10.51738449,0,72.00424396,65.43519061,76.97164154,11.53645093,0,0.8,46.906593,59.57532164,12.66872864,0,0,46.9316209,60.18106635,13.24944545,0,1
486,86,40,60,46.13154086,38.07642254,52.85942933,14.78300679,1,67.96160863,60.62538977,73.97784256,13.35245279,0,0.84,44.47987677,57.06789392,12.58801715,0,0,43.97921721,56.69762373,12.71840651,0,0
487,87,40,60,44.09731116,37.5323991,51.01343842,13.48103932,1,71.44538931,65.96852004,75.61510987,9.646589824,0,0.84,44.40089373,59.421661,15.02076727,0,0,44.11009694,59.00765681,14.89755987,0,0
488,88,40,60,51.80431424,45.6390422,58.1019165,12.4628743,0,71.737549,65.67922947,77.35968782,11.68045835,0,0.68,55.06439061,65.4705116,10.40612099,0,1,54.94210331,65.9625203,11.02041699,0,1
489,89,40,60,43.26204994,38.35147919,48.79268169,10.4412025,1,77.6633153,69.71173782,87.5338707,17.82213289,0,0.88,40.85723392,55.51669817,14.65946424,0,0,41.34742005,56.27800417,14.93058413,0,0
490,90,40,60,42.49610427,36.65659322,48.73313267,12.07653945,1,67.45955968,61.17502539,73.9794094,12.80438401,0,0.72,40.45782153,52.79617647,12.33835494,0,0,40.96519217,53.44551738,12.48032521,0,0
491,91,40,60,41.46549471,35.6964481,50.2273483,14.5309002,1,72.59582045,67.4047017,77.31406935,9.909367651,0,0.76,43.76341783,59.46178868,15.69837085,0,0,43.77051093,58.85639296,15.08588203,0,0
492,92,40,60,49.91898675,43.32173928,56.24967525,12.92793597,0,63.6132645,57.84895228,68.88855412,11.03960185,1,0.76,48.73267974,58.64198084,9.909301097,0,0,48.66917947,58.65014877,9.980969303,0,0
493,93,40,60,47.56078969,39.58049588,55.03814785,15.45765197,1,72.82006117,67.44709451,76.96835778,9.521263263,0,0.8,51.45694084,66.64639773,15.18945688,0,1,49.94057019,65.6534878,15.71291762,0,1
494,94,40,60,43.77870651,38.34323739,48.58756386,10.24432647,1,76.68703035,66.43178459,83.1868558,16.75507121,0,0.72,39.63716682,54.02485603,14.3876892,1,0,39.59102891,54.66871405,15.07768515,1,0
495,95,40,60,47.44283832,42.56500723,53.95197995,11.38697272,0,75.04741516,66.50899194,82.11316527,15.60417333,0,0.76,48.59523308,61.08442541,12.48919233,0,1,49.05112554,61.50692159,12.45579605,0,1
496,96,40,60,46.1599155,39.82203561,52.62237364,12.80033803,1,70.22928027,65.26287904,76.52985734,11.2669783,0,0.68,44.90598185,58.2164593,13.31047745,0,0,44.51661054,58.30723556,13.79062503,0,0
497,97,40,60,47.68508854,41.53783302,53.39451673,11.85668371,0,63.92688658,56.38187337,72.95802172,16.57614835,1,0.84,45.97862626,55.56533148,9.586705224,0,0,45.24738007,55.52508683,10.27770676,0,0
498,98,40,60,41.39878066,35.91336767,47.84876613,11.93539845,1,62.6731038,56.36941086,68.57321671,12.20380585,1,0.76,38.6715493,48.85526584,10.18371654,1,0,38.95170337,48.8499935,9.898290125,1,0
499,99,40,60,43.10040988,34.76650915,48.67378704,13.9072779,1,73.08988634,64.76053822,83.25716975,18.49663152,0,0.76,37.65192071,51.48922233,13.83730162,1,0,37.78067438,52.60618828,14.8255139,1,0
500,100,40,60,48.53922065,42.64465637,55.42598769,12.78133132,0,74.37461833,68.77954769,80.79102566,12.01147796,0,0.64,50.81438253,64.25050062,13.43611809,0,1,50.64494383,64.05823843,13.4132946,0,1
